11.0541, 10.3340, 1495481210559
10.5278, 8.2717, 1495481210567
8.8313, 6.7073, 1495481210569
8.5735, 5.5516, 1495481210615
9.6972, 3.4659, 1495481210618
9.4109, 2.6899, 1495481210619
10.0393, 1.5833, 1495481210626
9.9729, 2.0450, 1495481210655
9.4361, 2.4202, 1495481210672
9.3383, 1.2240, 1495481210687
9.7244, 0.6474, 1495481210707
9.4814, 0.5695, 1495481210727
8.9091, 0.7215, 1495481210748
8.9706, 0.6431, 1495481210770
9.3202, 0.3610, 1495481210790
9.6819, 1.0383, 1495481210807
9.3879, 0.4879, 1495481210827
8.7942, 0.5824, 1495481210847
7.7040, 1.6893, 1495481210869
7.5614, 1.9267, 1495481210887
8.9950, 0.4326, 1495481210908
9.1213, 0.9605, 1495481210927
8.8030, 0.5293, 1495481210951
7.6095, 0.9885, 1495481210967
7.6024, 0.8543, 1495481210987
9.0505, 0.7752, 1495481211007
7.5361, 0.8212, 1495481211028
7.8904, 2.4087, 1495481211049
10.6466, 2.3144, 1495481211067
9.9394, 1.3763, 1495481211089
8.5312, 0.6990, 1495481211107
7.0172, 1.5054, 1495481211128
10.6386, 2.8239, 1495481211148
9.7754, 2.5894, 1495481211169
9.4309, 0.6060, 1495481211197
6.5267, 3.8910, 1495481211206
4.9687, 3.0470, 1495481211228
9.2101, 2.1720, 1495481211247
8.8690, 1.1351, 1495481211268
8.4350, 0.7896, 1495481211287
8.7560, 0.8831, 1495481211307
8.4622, 1.3896, 1495481211329
9.7566, 1.9976, 1495481211348
10.0962, 1.6019, 1495481211368
8.7396, 0.6907, 1495481211387
8.7431, 1.1015, 1495481211408
9.4618, 0.8671, 1495481211428
9.1904, 0.9340, 1495481211449
7.7154, 1.6605, 1495481211467
8.6080, 0.7820, 1495481211487
10.0831, 1.2900, 1495481211507
10.5323, 1.3363, 1495481211528
11.0957, 1.6184, 1495481211547
11.2581, 1.3225, 1495481211567
11.7871, 1.5122, 1495481211588
12.0011, 1.3639, 1495481211614
12.4254, 1.4308, 1495481211627
12.4911, 1.2060, 1495481211647
12.7341, 1.1898, 1495481211666
13.4088, 1.6109, 1495481211688
12.4036, 1.1428, 1495481211718
11.3122, 0.7275, 1495481211744
11.4902, 0.6169, 1495481211750
10.9404, 0.8291, 1495481211774
10.7056, 0.8917, 1495481211806
10.8102, 0.9323, 1495481211813
11.1008, 0.5576, 1495481211838
10.7518, 0.9118, 1495481211848
10.7373, 0.9442, 1495481211872
10.7013, 1.0186, 1495481211892
10.7487, 1.1736, 1495481211912
10.5823, 0.8721, 1495481211927
10.6094, 0.9386, 1495481211949
9.8681, 1.1116, 1495481211968
10.0313, 1.4996, 1495481211995
9.4185, 1.5966, 1495481212011
8.6109, 1.9531, 1495481212027
9.0387, 1.3846, 1495481212047
8.5132, 1.3713, 1495481212068
8.1119, 1.5583, 1495481212089
8.9058, 1.0810, 1495481212123
9.2584, 1.3214, 1495481212126
8.5318, 0.5787, 1495481212147
7.8765, 1.2044, 1495481212168
8.9794, 0.4013, 1495481212194
9.2777, 0.6578, 1495481212213
9.2947, 1.0998, 1495481212227
9.3019, 0.9402, 1495481212248
9.1969, 1.2324, 1495481212271
10.2813, 2.3019, 1495481212291
9.3421, 0.5118, 1495481212308
8.6566, 0.8319, 1495481212327
8.0496, 1.5024, 1495481212348
8.1961, 1.3239, 1495481212371
9.3652, 1.4882, 1495481212387
9.0762, 0.8344, 1495481212408
9.2761, 1.2431, 1495481212427
8.9022, 1.6208, 1495481212449
9.0952, 1.4325, 1495481212471
9.0600, 0.5953, 1495481212488
9.0248, 0.8693, 1495481212507
8.3626, 1.1687, 1495481212527
8.3737, 1.4439, 1495481212548
9.3201, 2.0101, 1495481212570
9.8062, 1.7789, 1495481212592
10.3858, 1.4267, 1495481212608
10.7751, 1.2542, 1495481212628
11.3117, 1.7559, 1495481212651
14.3186, 4.1639, 1495481212669
9.1743, 2.1557, 1495481212688
7.1306, 4.0258, 1495481212707
10.9095, 2.5165, 1495481212728
9.6940, 0.5028, 1495481212750
8.3610, 2.1300, 1495481212770
8.9709, 3.0895, 1495481212787
9.9778, 2.1641, 1495481212807
10.8621, 1.9073, 1495481212829
10.9151, 1.4986, 1495481212849
11.2125, 1.5807, 1495481212867
11.4100, 1.3923, 1495481212887
9.9106, 0.9396, 1495481212908
8.7992, 2.5158, 1495481212931
8.2460, 2.5209, 1495481212950
8.4574, 1.2624, 1495481212967
7.5997, 1.3715, 1495481212987
7.2963, 1.3728, 1495481213009
8.3147, 1.7164, 1495481213030
10.0727, 2.8177, 1495481213048
9.5468, 1.4933, 1495481213067
9.7296, 1.0432, 1495481213094
10.4236, 1.3440, 1495481213119
10.0343, 0.9973, 1495481213135
9.9252, 0.4061, 1495481213163
8.8203, 1.8653, 1495481213167
9.9633, 1.0492, 1495481213187
8.8217, 0.8713, 1495481213208
10.2055, 0.9278, 1495481213228
10.3574, 1.4997, 1495481213247
9.5513, 1.0433, 1495481213267
9.6080, 0.9247, 1495481213287
10.5772, 2.0196, 1495481213308
10.3125, 1.1005, 1495481213328
10.5016, 0.5298, 1495481213347
10.0430, 1.1254, 1495481213367
10.6277, 1.3399, 1495481213389
10.0487, 1.4205, 1495481213409
9.4332, 2.0129, 1495481213430
6.4312, 3.4819, 1495481213457
10.9567, 6.3680, 1495481213467
12.8240, 3.1998, 1495481213488
12.2575, 2.2079, 1495481213509
10.8767, 0.6582, 1495481213535
10.0683, 1.2525, 1495481213547
9.0774, 1.2804, 1495481213572
9.0445, 3.6893, 1495481214016
8.1935, 2.0564, 1495481214018
8.5800, 2.1471, 1495481214020
8.7578, 1.7274, 1495481214022
9.1432, 0.9359, 1495481214024
9.2771, 3.1585, 1495481214026
8.4400, 1.1803, 1495481214028
8.9112, 1.3674, 1495481214029
8.0943, 1.0023, 1495481214033
8.0554, 0.5053, 1495481214035
9.3293, 1.3090, 1495481214037
9.3211, 2.0783, 1495481214038
9.8578, 1.2424, 1495481214040
8.3027, 1.9055, 1495481214041
9.0069, 2.1432, 1495481214043
9.9373, 2.2996, 1495481214045
10.1744, 1.8519, 1495481214047
10.0719, 1.8763, 1495481214049
11.3136, 1.8525, 1495481214051
11.2235, 1.2493, 1495481214052
10.8117, 0.6720, 1495481214054
12.1241, 1.8768, 1495481214056
12.0489, 1.2957, 1495481214057
11.3667, 0.7758, 1495481214066
10.5819, 1.1830, 1495481214068
8.1664, 4.2196, 1495481214087
9.4153, 3.6562, 1495481214107
8.8592, 3.0223, 1495481214127
9.4058, 4.5851, 1495481214147
11.7416, 4.9368, 1495481214169
11.2464, 3.5358, 1495481214187
10.5841, 1.8260, 1495481214208
10.0948, 1.0994, 1495481214227
9.7008, 1.5044, 1495481214248
9.3041, 0.9948, 1495481214269
9.6493, 1.6589, 1495481214287
10.1057, 0.9237, 1495481214307
9.6603, 1.2159, 1495481214328
10.1658, 0.3837, 1495481214366
10.3066, 1.3753, 1495481214372
9.4862, 1.0747, 1495481214387
9.9837, 1.4191, 1495481214406
9.6400, 0.3546, 1495481214427
9.5434, 0.3127, 1495481214455
9.6382, 0.2499, 1495481214469
9.6433, 0.1397, 1495481214487
9.5366, 0.2322, 1495481214506
9.5023, 0.2930, 1495481214528
9.2619, 0.3265, 1495481214553
9.3767, 0.5036, 1495481214567
10.0091, 0.5107, 1495481214587
9.6258, 0.1469, 1495481214606
9.5087, 0.5963, 1495481214627
9.5239, 0.2962, 1495481214650
9.7075, 0.8623, 1495481214668
9.9245, 0.5457, 1495481214686
9.6616, 0.4191, 1495481214707
9.3297, 0.3810, 1495481214730
9.3635, 0.5296, 1495481214751
9.5793, 0.1246, 1495481214767
9.4838, 0.5520, 1495481214787
8.9346, 0.5901, 1495481214807
9.4815, 0.6300, 1495481214831
9.7241, 0.5470, 1495481214851
9.6677, 0.4488, 1495481214867
9.7454, 0.8636, 1495481214886
9.6835, 0.4002, 1495481214907
9.7781, 0.2664, 1495481214932
10.2608, 0.6540, 1495481214948
9.9271, 1.0301, 1495481214967
9.4085, 0.3466, 1495481214987
10.2198, 1.7768, 1495481215008
9.8783, 1.0999, 1495481215033
9.4624, 0.6524, 1495481215047
9.4877, 0.5349, 1495481215067
9.4612, 0.6105, 1495481215087
9.9454, 0.7844, 1495481215113
11.1194, 1.7563, 1495481215128
12.2479, 2.4572, 1495481215147
10.8640, 2.2982, 1495481215166
9.6489, 1.6091, 1495481215187
8.7124, 2.4383, 1495481215209
9.9132, 1.6242, 1495481215227
10.2684, 0.8994, 1495481215247
11.1506, 1.0522, 1495481215266
11.2478, 1.2290, 1495481215287
9.0736, 1.4831, 1495481215307
8.4750, 1.3838, 1495481215327
6.4844, 2.6309, 1495481215346
6.7108, 2.1263, 1495481215367
9.3470, 0.8395, 1495481215390
9.2932, 1.3483, 1495481215412
9.4503, 0.9725, 1495481215427
9.2357, 0.4900, 1495481215448
10.0979, 1.3399, 1495481215470
11.4717, 2.3849, 1495481215493
10.8890, 2.2124, 1495481215509
12.5523, 2.8172, 1495481215527
12.8051, 2.0773, 1495481215547
12.9673, 1.8463, 1495481215568
10.4254, 0.7917, 1495481215591
9.5111, 1.2749, 1495481215745
9.5343, 0.9932, 1495481215751
9.7050, 0.6942, 1495481215753
9.7531, 0.5914, 1495481215756
9.7925, 0.5054, 1495481215758
9.7912, 0.3728, 1495481215760
9.6650, 0.3405, 1495481215765
10.0820, 0.2555, 1495481215777
9.8218, 0.1932, 1495481215782
9.7789, 0.2212, 1495481215795
9.7282, 0.3231, 1495481215808
9.9172, 0.1618, 1495481215827
9.9472, 0.1919, 1495481215849
9.8824, 0.1043, 1495481215872
9.8363, 0.1191, 1495481215897
9.5075, 0.3362, 1495481215906
9.9179, 0.1280, 1495481215927
9.9782, 0.1408, 1495481215948
9.8822, 0.1481, 1495481215968
9.7694, 0.1709, 1495481215987
9.7532, 0.2209, 1495481216009
9.8185, 0.2342, 1495481216034
9.9311, 0.1729, 1495481216050
10.0627, 0.1782, 1495481216068
9.8673, 0.1103, 1495481216087
9.5697, 0.2997, 1495481216106
9.6248, 0.4231, 1495481216127
9.8143, 0.1150, 1495481216149
9.7950, 0.1328, 1495481216167
9.8316, 0.0998, 1495481216187
9.8628, 0.1219, 1495481216207
9.8260, 0.0999, 1495481216228
9.7910, 0.0635, 1495481216248
9.8635, 0.2244, 1495481216267
9.9226, 0.2527, 1495481216286
9.7039, 0.2858, 1495481216307
9.5066, 0.3427, 1495481216328
9.5282, 0.2183, 1495481216352
9.6721, 0.1607, 1495481216367
9.6983, 0.2883, 1495481216386
9.6094, 0.4775, 1495481216407
9.8330, 0.5117, 1495481216433
10.4464, 0.6311, 1495481216452
10.1422, 0.6008, 1495481216470
9.2626, 0.6245, 1495481216486
9.3414, 0.4016, 1495481216507
9.6299, 0.0547, 1495481216530
9.5946, 0.3134, 1495481216549
9.6254, 0.4995, 1495481216568
9.7372, 0.3074, 1495481216588
9.8347, 0.2191, 1495481216607
9.5197, 0.3328, 1495481216628
9.2036, 0.6798, 1495481216647
9.2370, 1.0132, 1495481216667
9.4787, 1.1669, 1495481216688
9.8252, 1.3666, 1495481216715
10.2667, 1.1544, 1495481216728
10.5061, 0.9165, 1495481216747
10.1864, 0.3745, 1495481216767
10.0706, 0.9569, 1495481216788
9.8200, 0.6024, 1495481216822
9.9454, 0.6168, 1495481216829
9.7955, 0.6581, 1495481216860
9.3705, 0.4904, 1495481216867
9.2060, 0.6537, 1495481216887
9.5171, 1.2169, 1495481216909
9.7018, 1.2867, 1495481216927
9.5014, 0.7699, 1495481216948
9.4117, 0.1593, 1495481216967
9.3950, 0.7139, 1495481216987
9.4668, 1.1338, 1495481217008
9.7907, 1.0596, 1495481217030
10.8521, 1.1926, 1495481217047
11.5890, 1.4508, 1495481217067
12.5728, 2.2772, 1495481217090
12.8149, 2.2190, 1495481217108
12.1102, 1.5744, 1495481217127
12.3130, 1.1068, 1495481217148
13.0794, 1.3736, 1495481217168
13.7555, 1.8128, 1495481217189
12.7817, 1.0441, 1495481217207
11.7672, 0.8872, 1495481217227
10.1704, 1.6031, 1495481217247
9.5986, 1.7900, 1495481217268
10.2015, 1.0243, 1495481217292
11.1630, 0.6397, 1495481217312
12.5362, 1.7028, 1495481217327
11.6443, 1.0654, 1495481217346
11.6029, 1.9187, 1495481217367
10.8386, 0.9995, 1495481217391
10.5375, 0.9803, 1495481217408
9.2604, 1.6717, 1495481217427
8.4430, 2.0302, 1495481217448
8.1022, 1.7569, 1495481217475
7.8841, 1.6392, 1495481217495
6.6553, 2.6171, 1495481217507
6.4586, 2.4061, 1495481217527
6.4053, 2.4249, 1495481217548
6.3569, 2.6080, 1495481217570
5.7392, 2.6163, 1495481217589
5.4576, 2.6222, 1495481217608
6.3443, 3.6934, 1495481217627
8.1988, 4.7489, 1495481217648
9.3958, 3.7730, 1495481217669
12.3329, 5.1381, 1495481217690
20.0873, 10.6294, 1495481217708
15.9512, 5.4145, 1495481217774
10.3988, 2.5599, 1495481217778
7.1860, 3.4658, 1495481217799
7.6906, 2.1518, 1495481217801
11.9707, 6.7919, 1495481217819
16.1901, 6.9522, 1495481217837
14.2600, 4.9003, 1495481217857
8.3178, 2.7012, 1495481217878
6.6882, 3.5373, 1495481217902
8.8806, 3.9559, 1495481217919
12.6186, 2.8007, 1495481217938
11.3497, 2.4976, 1495481217957
8.5163, 1.4558, 1495481217983
7.8213, 1.9424, 1495481218002
7.7704, 1.7095, 1495481218018
8.0818, 1.3440, 1495481218037
8.2395, 1.0339, 1495481218058
8.8795, 0.6320, 1495481218077
8.9056, 0.6106, 1495481218099
9.1564, 0.9167, 1495481218117
9.4128, 1.0260, 1495481218137
9.1693, 0.8169, 1495481218158
9.3261, 1.0669, 1495481218181
10.3351, 1.4280, 1495481218202
10.5869, 1.0878, 1495481218219
10.9531, 1.6639, 1495481218237
11.3218, 2.1793, 1495481218259
11.4554, 2.2058, 1495481218283
12.1799, 1.8991, 1495481218303
13.3605, 2.1718, 1495481218317
14.0249, 2.8819, 1495481218338
12.6072, 2.0810, 1495481218358
11.0769, 1.5829, 1495481218378
11.6267, 0.6431, 1495481218397
13.5472, 2.4185, 1495481218417
13.4142, 1.6109, 1495481218438
12.5647, 1.7035, 1495481218463
12.2601, 0.8566, 1495481218485
11.7087, 1.5942, 1495481218503
10.4707, 1.8302, 1495481218518
8.7566, 2.5390, 1495481218538
7.5081, 3.0651, 1495481218562
7.1081, 2.8987, 1495481218593
7.1399, 2.4987, 1495481218598
6.7679, 2.4007, 1495481218623
6.3126, 1.9753, 1495481218645
6.4678, 2.4100, 1495481218662
6.7455, 2.6021, 1495481218678
6.6180, 2.5605, 1495481218697
5.9915, 2.8920, 1495481218718
5.8842, 2.6292, 1495481218742
6.9507, 2.1287, 1495481218762
9.4669, 2.9977, 1495481218781
18.0971, 9.1257, 1495481218797
20.5874, 9.1402, 1495481218818
16.6786, 5.1253, 1495481218840
11.6762, 2.3235, 1495481218858
8.3418, 4.5248, 1495481218877
8.6887, 2.7922, 1495481218897
9.4438, 4.4756, 1495481218918
13.2885, 5.0520, 1495481218944
8.3576, 3.6997, 1495481218966
9.6553, 5.3203, 1495481218976
9.9828, 2.9840, 1495481218997
11.2024, 2.4725, 1495481219018
14.4374, 4.8028, 1495481219042
11.5123, 3.0550, 1495481219059
8.0814, 2.8841, 1495481219078
7.6471, 2.0822, 1495481219099
7.6817, 2.0260, 1495481219129
7.7723, 1.8660, 1495481219147
8.3217, 1.2542, 1495481219156
8.9186, 0.4832, 1495481219177
9.2708, 0.5441, 1495481219198
9.4792, 0.4877, 1495481219224
9.2778, 0.5680, 1495481219241
9.4832, 1.3232, 1495481219258
10.1274, 1.0399, 1495481219277
11.2107, 1.5520, 1495481219298
11.6365, 1.8600, 1495481219320
11.8609, 2.6984, 1495481219340
11.7279, 2.7838, 1495481219358
12.6379, 2.4541, 1495481219378
13.7214, 2.2943, 1495481219398
14.2247, 2.8100, 1495481219422
13.4474, 2.1612, 1495481219441
12.2663, 1.6505, 1495481219457
12.7084, 2.0728, 1495481219478
13.2730, 2.7898, 1495481219501
12.8684, 2.6108, 1495481219519
11.4812, 2.2243, 1495481219537
11.2796, 1.4817, 1495481219557
11.0759, 1.7221, 1495481219580
10.0216, 1.7777, 1495481219600
8.9034, 2.0918, 1495481219618
8.1568, 2.3098, 1495481219638
7.9235, 2.3458, 1495481219657
7.3877, 2.0053, 1495481219678
6.9991, 2.0544, 1495481219703
6.5135, 1.9622, 1495481219720
6.3153, 1.9081, 1495481219737
6.6736, 2.6163, 1495481219758
6.4380, 2.0057, 1495481219781
6.2711, 2.4691, 1495481219800
6.5216, 2.4526, 1495481219817
8.7875, 3.2506, 1495481219837
11.3237, 4.1556, 1495481219858
14.6231, 5.7126, 1495481219895
18.2487, 7.2848, 1495481219902
15.2672, 3.9461, 1495481219917
10.2665, 2.3416, 1495481219937
8.7421, 3.0676, 1495481219958
12.0202, 1.5339, 1495481219982
12.9210, 5.7095, 1495481220020
12.3998, 4.6579, 1495481220029
11.3295, 5.1309, 1495481220060
5.4804, 5.1310, 1495481220062
6.3751, 3.0978, 1495481220082
11.8202, 4.4004, 1495481220105
14.0241, 4.1674, 1495481220117
13.5140, 4.0084, 1495481220138
9.3646, 1.2530, 1495481220161
8.1199, 2.0864, 1495481220181
7.6572, 2.2866, 1495481220197
7.6342, 2.0792, 1495481220217
7.9209, 1.4924, 1495481220238
8.2718, 0.7801, 1495481220261
9.1835, 0.7025, 1495481220279
9.6639, 1.1796, 1495481220297
9.6104, 0.6896, 1495481220317
10.0125, 1.6709, 1495481220338
11.3235, 2.4808, 1495481220360
10.8743, 1.2486, 1495481220378
9.9343, 0.9659, 1495481220397
10.4306, 1.2221, 1495481220418
11.8066, 1.8720, 1495481220443
11.1946, 1.0896, 1495481220460
12.2979, 2.6010, 1495481220477
13.4485, 2.7437, 1495481220497
14.5553, 2.9555, 1495481220518
13.3645, 2.3449, 1495481220541
10.9572, 1.8945, 1495481220560
12.4977, 1.0686, 1495481220578
12.5422, 1.0405, 1495481220597
13.7747, 1.7656, 1495481220619
12.6122, 0.3584, 1495481220642
12.4287, 0.6620, 1495481220661
11.6771, 1.3252, 1495481220678
9.9091, 2.2987, 1495481220698
8.7147, 2.5951, 1495481220718
7.9463, 3.0543, 1495481220741
7.7148, 2.5229, 1495481220758
7.0597, 3.1209, 1495481220777
7.0585, 2.3799, 1495481220798
7.4635, 2.6004, 1495481220822
8.3617, 3.1403, 1495481220840
8.7578, 2.5220, 1495481220857
8.6183, 1.8196, 1495481220877
7.9803, 2.5994, 1495481220898
7.3741, 2.7101, 1495481220921
7.6970, 2.0952, 1495481220939
8.9885, 2.3907, 1495481220957
12.8277, 4.6326, 1495481220977
14.7170, 5.7985, 1495481220998
13.2211, 5.2222, 1495481221020
11.6193, 4.5339, 1495481221038
11.9892, 4.1777, 1495481221057
14.8909, 5.1839, 1495481221077
15.4206, 6.7085, 1495481221098
16.0573, 6.6766, 1495481221119
8.9693, 6.5231, 1495481221139
5.6813, 6.9192, 1495481221158
5.8539, 4.8109, 1495481221194
11.0534, 4.7896, 1495481221201
13.2618, 3.7074, 1495481221220
17.6741, 8.5654, 1495481221238
10.7417, 1.0543, 1495481221257
7.5996, 3.3684, 1495481221278
8.0841, 2.7469, 1495481221302
8.9341, 1.8730, 1495481221322
9.9022, 1.3969, 1495481221338
9.8274, 1.1666, 1495481221357
7.9191, 1.6172, 1495481221378
6.4429, 2.3099, 1495481221405
6.1082, 2.2564, 1495481221425
6.8908, 1.2806, 1495481221436
9.0722, 1.1150, 1495481221457
10.1973, 1.7664, 1495481221478
11.4611, 2.4711, 1495481221502
12.5652, 3.3568, 1495481221518
13.6485, 4.0108, 1495481221537
14.6217, 3.9552, 1495481221558
14.5726, 2.7983, 1495481221581
14.7455, 2.4025, 1495481221599
14.4137, 1.9128, 1495481221617
12.9549, 1.1208, 1495481221637
10.3481, 2.1776, 1495481221658
11.3547, 2.4827, 1495481221680
12.8362, 1.3099, 1495481221698
13.8634, 2.6848, 1495481221717
13.7223, 3.2727, 1495481221738
13.3146, 2.5659, 1495481221758
13.1148, 1.9812, 1495481221781
10.3823, 2.1336, 1495481221804
8.4153, 3.3409, 1495481221819
6.9470, 4.5581, 1495481221838
6.7272, 3.5260, 1495481221863
5.9721, 3.3713, 1495481221880
5.0019, 3.1811, 1495481221898
5.1385, 3.0152, 1495481221917
5.2958, 2.7318, 1495481221938
5.3926, 2.5144, 1495481221961
5.4764, 2.6808, 1495481221979
5.7877, 3.4040, 1495481221997
6.2637, 3.3009, 1495481222017
7.3114, 2.8319, 1495481222038
11.1590, 4.9847, 1495481222061
21.2214, 11.9900, 1495481222078
22.6374, 10.5007, 1495481222097
14.6121, 2.4537, 1495481222148
7.7899, 4.6642, 1495481222151
9.4504, 1.9877, 1495481222165
13.7546, 8.0429, 1495481222178
15.3578, 5.8495, 1495481222197
7.1989, 4.9697, 1495481222218
8.1255, 5.8975, 1495481222243
8.0011, 5.1058, 1495481222261
12.2425, 5.7939, 1495481222278
13.3986, 3.8629, 1495481222309
14.6129, 5.8265, 1495481222325
9.1823, 3.7718, 1495481222342
7.4344, 3.2411, 1495481222360
7.2306, 1.9450, 1495481222377
7.0956, 1.8796, 1495481222397
8.2506, 0.4994, 1495481222418
8.6156, 0.5349, 1495481222441
9.1480, 2.1258, 1495481222457
8.1924, 0.8873, 1495481222500
8.2380, 0.9026, 1495481222517
10.5986, 3.2428, 1495481222531
11.2205, 1.9878, 1495481222537
10.2703, 1.6382, 1495481222557
10.9708, 1.2663, 1495481222577
13.1286, 2.7480, 1495481222601
12.6542, 2.8405, 1495481222622
13.5693, 3.7761, 1495481222639
14.4687, 3.0137, 1495481222657
15.1261, 2.7989, 1495481222677
13.5365, 2.2103, 1495481222698
11.0447, 1.8624, 1495481222720
12.8281, 2.6779, 1495481222738
14.0794, 3.0013, 1495481222757
14.3782, 4.0220, 1495481222788
13.4154, 2.3704, 1495481222803
12.5817, 1.6160, 1495481222821
12.0399, 2.5573, 1495481222838
10.2899, 2.9724, 1495481222857
7.2217, 4.6123, 1495481222878
6.0082, 4.1408, 1495481222904
6.2928, 3.1559, 1495481222921
6.1692, 3.0470, 1495481222938
6.6840, 2.9800, 1495481222957
6.1003, 2.0164, 1495481222978
5.9695, 2.4666, 1495481223003
5.6957, 3.5096, 1495481223022
5.3109, 3.7013, 1495481223039
5.9739, 4.0979, 1495481223057
6.8304, 3.6693, 1495481223078
10.2067, 4.7111, 1495481223101
14.3761, 7.3076, 1495481223119
18.9757, 9.1688, 1495481223137
20.9159, 9.0287, 1495481223158
14.7718, 3.1324, 1495481223177
8.2730, 4.0599, 1495481223200
10.2706, 2.6937, 1495481223218
14.3983, 5.5252, 1495481223237
16.7126, 6.8255, 1495481223258
12.6065, 5.7997, 1495481223281
7.0429, 4.4504, 1495481223299
8.5292, 4.5328, 1495481223319
13.1738, 3.0485, 1495481223337
17.4100, 5.3856, 1495481223358
12.7680, 1.8103, 1495481223380
7.7828, 3.6855, 1495481223398
7.5371, 3.1212, 1495481223417
8.5041, 1.6609, 1495481223438
8.8334, 1.3560, 1495481223458
8.6779, 1.2805, 1495481223485
8.2430, 1.2583, 1495481223500
7.7235, 1.3566, 1495481223518
7.4494, 1.4889, 1495481223538
6.3917, 2.2049, 1495481223568
5.2443, 2.9159, 1495481223588
3.6590, 3.2278, 1495481223596
3.3304, 3.0037, 1495481223617
2.5451, 3.2234, 1495481223638
4.0621, 2.8225, 1495481223664
8.1380, 4.2963, 1495481223682
14.5362, 7.5465, 1495481223699
17.6009, 8.4455, 1495481223717
17.9574, 7.3730, 1495481223739
16.7563, 4.8978, 1495481223762
15.5398, 3.2132, 1495481223803
17.0320, 3.6097, 1495481223805
20.6569, 6.7451, 1495481223816
23.3923, 8.0458, 1495481223838
24.9911, 8.5841, 1495481223862
24.9835, 7.0450, 1495481223879
24.2637, 4.7173, 1495481223897
22.3452, 1.7986, 1495481223918
16.2486, 12.4315, 1495481223944
12.7156, 15.8624, 1495481223965
9.2174, 10.4439, 1495481223981
4.8603, 8.1361, 1495481223997
5.8394, 12.1973, 1495481224018
8.3857, 8.8891, 1495481224044
4.7115, 7.9676, 1495481224062
10.1411, 9.5056, 1495481224078
9.4646, 6.1682, 1495481224097
7.2205, 2.9019, 1495481224118
7.0446, 5.4264, 1495481224143
13.3548, 13.6110, 1495481224160
9.6201, 9.5438, 1495481224177
13.5950, 11.7692, 1495481224198
10.1741, 7.4864, 1495481224226
3.8254, 2.3079, 1495481224243
2.8420, 2.5784, 1495481224262
4.5170, 4.1018, 1495481224280
6.1269, 4.5484, 1495481224309
7.8899, 4.6234, 1495481224329
8.3072, 3.8292, 1495481224346
6.4509, 1.5941, 1495481224356
5.8117, 2.1710, 1495481224377
7.0857, 5.1908, 1495481224399
13.4230, 10.5887, 1495481224423
20.8520, 15.7171, 1495481224441
28.1454, 26.7522, 1495481224458
22.4448, 17.2950, 1495481224478
29.3883, 21.5778, 1495481224498
18.9901, 7.8680, 1495481224555
15.8147, 4.0256, 1495481224557
15.4656, 6.2695, 1495481224572
19.0616, 6.1126, 1495481224589
10.2265, 3.4306, 1495481224607
6.7130, 6.0986, 1495481224628
2.6755, 9.9124, 1495481224655
4.7888, 10.1800, 1495481224672
3.5287, 6.4857, 1495481224689
3.4524, 5.1478, 1495481224707
3.5928, 3.0000, 1495481224729
3.1617, 1.7317, 1495481224752
7.8121, 4.7575, 1495481224771
14.9682, 9.8961, 1495481224788
20.0753, 11.4785, 1495481224807
20.5215, 9.9356, 1495481224828
16.3601, 5.4377, 1495481224854
10.2955, 1.8285, 1495481224872
9.3911, 1.7422, 1495481224889
8.6646, 2.0638, 1495481224908
6.9164, 3.0479, 1495481224935
6.2346, 3.2852, 1495481224954
7.9078, 2.8483, 1495481224971
9.9948, 1.6790, 1495481224988
10.1083, 0.9809, 1495481225008
10.6545, 1.5238, 1495481225038
10.9682, 1.7675, 1495481225056
10.2442, 1.0974, 1495481225087
9.9162, 0.3010, 1495481225102
9.3172, 0.4789, 1495481225120
9.4594, 0.6266, 1495481225138
10.6810, 1.5171, 1495481225155
11.3857, 1.6288, 1495481225172
10.9432, 0.6804, 1495481225186
9.7278, 0.5891, 1495481225207
9.3754, 1.9383, 1495481225234
10.3716, 2.5300, 1495481225253
11.1268, 3.2760, 1495481225271
10.5834, 2.7793, 1495481225288
8.8879, 1.4105, 1495481225308
8.4957, 1.2155, 1495481225334
9.2074, 1.8516, 1495481225354
9.8754, 1.3497, 1495481225366
9.9787, 1.0803, 1495481225388
10.5111, 1.0847, 1495481225413
10.5671, 0.8296, 1495481225436
10.0982, 1.6820, 1495481225446
9.9473, 1.7277, 1495481225467
9.8732, 1.4728, 1495481225488
9.8805, 0.8299, 1495481225513
10.0017, 0.5628, 1495481225531
10.1887, 1.1354, 1495481225548
10.5264, 1.3925, 1495481225568
10.3935, 1.2273, 1495481225593
9.9510, 1.0936, 1495481225615
9.6965, 0.8811, 1495481225638
9.4784, 0.8650, 1495481225646
9.3395, 0.9228, 1495481225668
9.2616, 0.9868, 1495481225697
9.4439, 0.7615, 1495481225717
10.1566, 0.7068, 1495481225727
10.3435, 0.5543, 1495481225755
10.1788, 0.3128, 1495481225778
9.7594, 0.2486, 1495481225794
9.4813, 0.5651, 1495481225814
8.1030, 1.7040, 1495481225831
7.5844, 1.8050, 1495481225848
6.2176, 2.4162, 1495481225875
5.1831, 2.6792, 1495481225894
5.0672, 2.5331, 1495481225911
5.1285, 2.6115, 1495481225928
7.4464, 3.0460, 1495481225950
9.8501, 3.7833, 1495481225975
11.2849, 4.2688, 1495481225993
11.2392, 3.5303, 1495481226010
11.4773, 2.8481, 1495481226027
12.5361, 3.1536, 1495481226048
13.8200, 4.0671, 1495481226073
13.6095, 2.9429, 1495481226090
15.7697, 3.9538, 1495481226108
21.5531, 7.8763, 1495481226127
22.5107, 7.3045, 1495481226148
22.4229, 5.7468, 1495481226171
22.0114, 4.5637, 1495481226189
21.8979, 3.9256, 1495481226207
22.0150, 3.4119, 1495481226228
21.5005, 1.8387, 1495481226254
18.7011, 4.5256, 1495481226272
7.1452, 17.1343, 1495481226288
8.5673, 17.4301, 1495481226307
13.0420, 9.6239, 1495481226328
4.8365, 8.7546, 1495481226376
5.1074, 9.2613, 1495481226381
5.5510, 8.0537, 1495481226398
11.6336, 11.5505, 1495481226406
16.4277, 12.7062, 1495481226428
5.6663, 2.5256, 1495481226450
7.9321, 4.0098, 1495481226472
4.6685, 3.4441, 1495481226490
11.1453, 11.2248, 1495481226508
21.8409, 18.2850, 1495481226528
4.8661, 4.8151, 1495481226550
2.8425, 3.9453, 1495481226571
2.3638, 4.4003, 1495481226588
4.6189, 4.4832, 1495481226609
6.7942, 5.4469, 1495481226635
6.3524, 3.8194, 1495481226653
9.2617, 5.3575, 1495481226669
7.6841, 3.1375, 1495481226688
6.6962, 1.6663, 1495481226708
6.2961, 3.6113, 1495481226735
9.7099, 6.9579, 1495481226755
19.6719, 15.1844, 1495481226772
21.8909, 20.2883, 1495481226787
30.5065, 25.8913, 1495481226808
31.7950, 25.6985, 1495481226874
15.1213, 12.2173, 1495481226877
9.3493, 5.4817, 1495481226878
9.9597, 3.4249, 1495481226901
16.5181, 7.6375, 1495481226917
27.9256, 16.3426, 1495481226938
27.7651, 15.6649, 1495481226964
14.2448, 3.3950, 1495481226981
8.8587, 5.2429, 1495481227000
6.8661, 6.3097, 1495481227018
5.9124, 6.1850, 1495481227038
3.8470, 5.8354, 1495481227065
3.1635, 6.2614, 1495481227082
2.7190, 5.4295, 1495481227099
1.2985, 4.8184, 1495481227117
2.5692, 3.8991, 1495481227138
5.2071, 1.8066, 1495481227166
7.6686, 2.9096, 1495481227186
10.7860, 4.7403, 1495481227196
12.0662, 4.8021, 1495481227217
9.9765, 3.8812, 1495481227237
10.5255, 3.7451, 1495481227265
12.9795, 4.7557, 1495481227285
14.6088, 5.3603, 1495481227296
12.8978, 2.6649, 1495481227319
12.5910, 2.4576, 1495481227351
10.5635, 1.4094, 1495481227357
8.2170, 2.1348, 1495481227378
6.3257, 3.4019, 1495481227398
6.2360, 3.1157, 1495481227418
6.9432, 2.0023, 1495481227446
7.7869, 0.5141, 1495481227463
8.6706, 0.6051, 1495481227480
10.8156, 2.4391, 1495481227498
12.0199, 3.0498, 1495481227518
10.6070, 1.2503, 1495481227542
10.1442, 1.1820, 1495481227560
11.3143, 1.8563, 1495481227578
12.5229, 3.0198, 1495481227599
12.5297, 3.1138, 1495481227626
11.1708, 2.2436, 1495481227644
8.6791, 2.0221, 1495481227693
7.7163, 2.1920, 1495481227695
7.6457, 2.0684, 1495481227699
8.6083, 1.4201, 1495481227717
9.9416, 1.5527, 1495481227743
10.3015, 1.5949, 1495481227760
10.6878, 1.3881, 1495481227777
10.3562, 0.7335, 1495481227799
10.1839, 0.3514, 1495481227823
9.9501, 0.8488, 1495481227841
9.8413, 0.8219, 1495481227859
9.5910, 1.0332, 1495481227878
9.3535, 1.1252, 1495481227898
9.1435, 1.2367, 1495481227923
8.5433, 1.0337, 1495481227942
7.5184, 1.5107, 1495481227961
7.2792, 1.5346, 1495481227976
7.3131, 1.2840, 1495481227997
7.4273, 0.9152, 1495481228022
7.4597, 0.7407, 1495481228044
7.9402, 0.9888, 1495481228057
10.4367, 2.7623, 1495481228078
12.2203, 3.4585, 1495481228109
12.2494, 2.5392, 1495481228117
12.3034, 2.1079, 1495481228137
14.2874, 4.6632, 1495481228157
14.7577, 5.2648, 1495481228178
13.2301, 3.2006, 1495481228201
10.1299, 3.3951, 1495481228220
7.6112, 4.9186, 1495481228237
6.4666, 4.6376, 1495481228258
9.1212, 4.7514, 1495481228286
12.8227, 5.3676, 1495481228304
12.9475, 3.8216, 1495481228321
10.8244, 0.8114, 1495481228338
9.7725, 2.9212, 1495481228359
8.2906, 2.2396, 1495481228386
8.5423, 1.3022, 1495481228407
9.3722, 1.3073, 1495481228416
9.4582, 1.1301, 1495481228438
9.3684, 0.9196, 1495481228458
9.2412, 0.3887, 1495481228491
9.0854, 0.8745, 1495481228497
9.3956, 0.3136, 1495481228518
9.3973, 0.2239, 1495481228538
9.0433, 0.2417, 1495481228558
8.3358, 0.9138, 1495481228583
8.2957, 0.9503, 1495481228603
9.0618, 0.2317, 1495481228624
10.3481, 1.2422, 1495481228637
10.2826, 1.0071, 1495481228657
10.6158, 1.1749, 1495481228682
11.3838, 1.3831, 1495481228702
11.9450, 1.6393, 1495481228720
11.9592, 1.3347, 1495481228747
13.2029, 2.1338, 1495481228766
14.6070, 2.8178, 1495481228783
13.2014, 1.1090, 1495481228799
11.6933, 0.5092, 1495481228817
12.2334, 1.0820, 1495481228838
13.4021, 1.9401, 1495481228863
15.1031, 3.4782, 1495481228883
14.3097, 3.1969, 1495481228902
12.8299, 1.9955, 1495481228916
11.8991, 1.5785, 1495481228938
10.7038, 2.6216, 1495481228985
8.6320, 3.1252, 1495481228987
7.7376, 3.0576, 1495481228997
6.8322, 3.8077, 1495481229018
5.9802, 3.2053, 1495481229045
5.3166, 3.2058, 1495481229063
5.2718, 2.6197, 1495481229080
5.3551, 2.4649, 1495481229097
5.3417, 2.3462, 1495481229117
4.7644, 2.8310, 1495481229147
4.6262, 2.9609, 1495481229167
5.4906, 3.5375, 1495481229176
6.7343, 3.7175, 1495481229198
11.3966, 5.6134, 1495481229218
18.3029, 10.0344, 1495481229244
22.0320, 10.7052, 1495481229261
17.7109, 5.2939, 1495481229278
8.6778, 4.1824, 1495481229328
10.8963, 1.5524, 1495481229331
10.7816, 7.6600, 1495481229348
11.5461, 4.7732, 1495481229374
11.5752, 5.4380, 1495481229393
9.7704, 4.2620, 1495481229409
10.4155, 2.5682, 1495481229428
10.7585, 2.4543, 1495481229447
11.3301, 1.3601, 1495481229476
11.3564, 2.3837, 1495481229496
8.6145, 2.6093, 1495481229511
7.7219, 1.9425, 1495481229529
7.5146, 1.6980, 1495481229557
7.6213, 1.4385, 1495481229576
8.2203, 1.5958, 1495481229593
8.3226, 0.7359, 1495481229610
8.7066, 0.4626, 1495481229628
8.7987, 0.7622, 1495481229659
8.4955, 0.8310, 1495481229678
8.4004, 0.4055, 1495481229686
10.3265, 2.3245, 1495481229708
11.7279, 2.6725, 1495481229728
11.2616, 1.5195, 1495481229752
11.0825, 1.6421, 1495481229771
12.0452, 2.4331, 1495481229788
12.0432, 2.1239, 1495481229807
12.2368, 1.4625, 1495481229828
12.8899, 1.5560, 1495481229853
13.8047, 2.1725, 1495481229872
12.0863, 1.1282, 1495481229889
10.2063, 1.5929, 1495481229908
13.4720, 1.7908, 1495481229928
15.1453, 2.9432, 1495481229953
14.8066, 2.6080, 1495481229970
13.9100, 1.9451, 1495481229987
12.3888, 1.7690, 1495481230008
11.5608, 1.7680, 1495481230035
9.3705, 2.7488, 1495481230052
7.9783, 3.3596, 1495481230070
6.4460, 3.7851, 1495481230088
6.6956, 3.2967, 1495481230107
7.1972, 2.2561, 1495481230137
6.7954, 2.0448, 1495481230157
6.2786, 2.0269, 1495481230166
6.1997, 2.5737, 1495481230187
6.5701, 2.6017, 1495481230208
6.6397, 2.8292, 1495481230234
5.8414, 3.3519, 1495481230252
5.5641, 2.9355, 1495481230269
6.7378, 3.0307, 1495481230313
9.5068, 4.0652, 1495481230318
19.8638, 10.7547, 1495481230333
21.4601, 9.8015, 1495481230349
14.9662, 3.3472, 1495481230367
9.2442, 4.6321, 1495481230388
10.0043, 2.7165, 1495481230414
10.3627, 6.6906, 1495481230431
13.0655, 4.8333, 1495481230449
13.7613, 7.8342, 1495481230467
8.8962, 5.0359, 1495481230488
7.2727, 2.9093, 1495481230513
10.7057, 2.8419, 1495481230533
13.9404, 3.6383, 1495481230552
13.9529, 4.1510, 1495481230566
8.1625, 2.4290, 1495481230588
7.7559, 2.3953, 1495481230616
7.8976, 1.7913, 1495481230636
7.9462, 1.4500, 1495481230646
8.8447, 0.9190, 1495481230668
9.1463, 1.1180, 1495481230696
8.4443, 0.8173, 1495481230714
8.3516, 1.2803, 1495481230732
7.9856, 0.7658, 1495481230750
8.4611, 1.1642, 1495481230778
9.8608, 1.8870, 1495481230801
11.5731, 2.5329, 1495481230807
11.1439, 1.4955, 1495481230829
10.9594, 1.5320, 1495481230849
11.5557, 2.4689, 1495481230868
11.7835, 2.4452, 1495481230893
12.0029, 2.3685, 1495481230911
12.6610, 1.5733, 1495481230928
13.1606, 1.7394, 1495481230950
12.3237, 1.4102, 1495481230975
10.4887, 1.4755, 1495481230993
10.7057, 0.7234, 1495481231011
13.3590, 2.2302, 1495481231027
14.8155, 3.0828, 1495481231048
14.2718, 2.4135, 1495481231073
12.6367, 1.4505, 1495481231091
11.8252, 1.5982, 1495481231109
11.4068, 1.6687, 1495481231127
9.4418, 2.6999, 1495481231149
8.0809, 2.9963, 1495481231175
7.4448, 3.2328, 1495481231196
7.4275, 2.4842, 1495481231206
7.6014, 2.4374, 1495481231227
7.5735, 2.0152, 1495481231248
8.0518, 2.2327, 1495481231273
8.1373, 2.2396, 1495481231292
8.3760, 3.2025, 1495481231307
8.4308, 3.9093, 1495481231328
6.7768, 4.0705, 1495481231356
6.0267, 3.6857, 1495481231378
7.3445, 3.0403, 1495481231395
10.6651, 4.0866, 1495481231406
17.8521, 8.6185, 1495481231428
19.5950, 9.1474, 1495481231454
15.3162, 6.0071, 1495481231472
10.3077, 4.7201, 1495481231489
9.3170, 4.3371, 1495481231507
12.1477, 7.2816, 1495481231528
17.6520, 8.4263, 1495481231553
17.3587, 11.0323, 1495481231592
9.4185, 6.3304, 1495481231595
6.3712, 5.0959, 1495481231606
9.6523, 4.6607, 1495481231628
11.5330, 2.8418, 1495481231653
14.3762, 5.1852, 1495481231676
11.5750, 6.0023, 1495481231686
8.7060, 2.6864, 1495481231708
7.6351, 2.1090, 1495481231737
7.6539, 1.6118, 1495481231753
8.2684, 0.8787, 1495481231770
8.8960, 0.7919, 1495481231788
9.2423, 0.8296, 1495481231808
9.3783, 0.7694, 1495481231834
9.5007, 0.5473, 1495481231852
9.1196, 0.4928, 1495481231869
9.3525, 1.0466, 1495481231887
10.5158, 1.6473, 1495481231907
11.0603, 1.4292, 1495481231936
10.6639, 0.8816, 1495481231958
10.9382, 1.3717, 1495481231966
11.4408, 2.0849, 1495481231988
11.4303, 1.7969, 1495481232016
12.4879, 1.9168, 1495481232036
13.2808, 2.0023, 1495481232054
13.3633, 1.9925, 1495481232066
11.7807, 1.4708, 1495481232088
10.6512, 1.2824, 1495481232121
12.7658, 1.3030, 1495481232127
14.7627, 2.7534, 1495481232147
14.2345, 2.0905, 1495481232167
12.4234, 1.0812, 1495481232188
11.9713, 1.0322, 1495481232213
11.1854, 1.1926, 1495481232231
9.7626, 1.9986, 1495481232248
8.6310, 2.5258, 1495481232268
7.7438, 2.7030, 1495481232288
7.6757, 2.2814, 1495481232312
7.9986, 2.1184, 1495481232332
7.6241, 1.7443, 1495481232348
7.3339, 1.6909, 1495481232368
7.2992, 1.9966, 1495481232395
7.7823, 2.2228, 1495481232413
7.7086, 2.1749, 1495481232431
6.7053, 2.5737, 1495481232448
5.7880, 3.0357, 1495481232468
6.4890, 3.4715, 1495481232495
7.2669, 3.2663, 1495481232516
11.5526, 5.3304, 1495481232533
16.9111, 7.8196, 1495481232546
18.4152, 7.3664, 1495481232568
13.2460, 2.2820, 1495481232595
10.8804, 2.4355, 1495481232616
9.2200, 2.6323, 1495481232626
10.5068, 3.2660, 1495481232647
11.9736, 4.8602, 1495481232668
16.8381, 7.4505, 1495481232692
10.5117, 6.4265, 1495481232710
7.1491, 4.0821, 1495481232727
9.9447, 3.6573, 1495481232748
11.9067, 3.8104, 1495481232774
13.9910, 5.1193, 1495481232792
11.9511, 3.6050, 1495481232809
8.7817, 3.1060, 1495481232827
8.1904, 1.7254, 1495481232848
7.6127, 2.1203, 1495481232893
7.9590, 1.8996, 1495481232896
8.7286, 1.1660, 1495481232911
9.2626, 0.7780, 1495481232928
9.6558, 0.6079, 1495481232950
10.0725, 1.6385, 1495481232973
10.0595, 1.6593, 1495481232991
9.6192, 1.2649, 1495481233008
9.1247, 0.7638, 1495481233028
9.0534, 1.1168, 1495481233056
9.6550, 0.9681, 1495481233074
10.0959, 1.0026, 1495481233092
11.0392, 1.4402, 1495481233111
10.8714, 1.3673, 1495481233127
10.8378, 1.3282, 1495481233148
11.6543, 1.9176, 1495481233175
12.0952, 1.5183, 1495481233194
13.7466, 2.5976, 1495481233207
13.7662, 2.2744, 1495481233228
11.7375, 1.5008, 1495481233252
10.7178, 1.0650, 1495481233271
11.7292, 1.1588, 1495481233288
13.2612, 2.1589, 1495481233308
13.8230, 2.7286, 1495481233328
11.9053, 1.8787, 1495481233353
11.0326, 1.7181, 1495481233370
10.6904, 1.8633, 1495481233387
10.3472, 2.0769, 1495481233408
9.0749, 2.2172, 1495481233435
8.6189, 2.4049, 1495481233454
8.4982, 2.5300, 1495481233471
8.2930, 1.5447, 1495481233487
7.4975, 2.0918, 1495481233508
7.2744, 2.1935, 1495481233535
7.5318, 2.3844, 1495481233552
7.8252, 2.6205, 1495481233569
8.1047, 3.8167, 1495481233587
7.4581, 3.7855, 1495481233608
5.7745, 3.5635, 1495481233633
6.0262, 2.5426, 1495481233651
10.0953, 3.5300, 1495481233669
15.4019, 6.8425, 1495481233688
20.2185, 9.4733, 1495481233715
13.8770, 5.4221, 1495481233734
11.3269, 4.5713, 1495481233751
8.5808, 5.2069, 1495481233768
8.5521, 3.2679, 1495481233788
12.4914, 6.4704, 1495481233816
18.8024, 9.4457, 1495481233833
14.9792, 6.8313, 1495481233852
6.9029, 5.9980, 1495481233907
6.0239, 5.0138, 1495481233909
8.4951, 4.2970, 1495481233910
10.4379, 2.1863, 1495481233932
13.0268, 5.2085, 1495481233950
11.3167, 2.4187, 1495481233967
9.0507, 1.1004, 1495481233995
8.1795, 1.7084, 1495481234015
7.6437, 1.7277, 1495481234031
8.1357, 1.0694, 1495481234047
8.5797, 0.6482, 1495481234068
9.0176, 0.1822, 1495481234100
9.2624, 0.9788, 1495481234119
9.1809, 1.0010, 1495481234145
8.9139, 0.4907, 1495481234167
9.2041, 0.3276, 1495481234172
10.2359, 1.4991, 1495481234194
10.7743, 1.6504, 1495481234212
11.1902, 1.3769, 1495481234229
11.6064, 1.5373, 1495481234247
11.7967, 2.2026, 1495481234269
11.8856, 2.2068, 1495481234293
13.1667, 2.3868, 1495481234311
13.8661, 2.2247, 1495481234328
14.3150, 2.2453, 1495481234348
12.6417, 1.4935, 1495481234368
10.1028, 2.1980, 1495481234394
10.3051, 1.4906, 1495481234415
13.4017, 2.9209, 1495481234426
14.2561, 2.5918, 1495481234448
12.9838, 2.2697, 1495481234473
12.0066, 1.8618, 1495481234494
11.0959, 1.7266, 1495481234513
10.1050, 3.0149, 1495481234530
8.9333, 2.8408, 1495481234557
7.9801, 2.6502, 1495481234575
8.9308, 2.3681, 1495481234593
7.8427, 2.3827, 1495481234610
6.8310, 2.1879, 1495481234627
6.3248, 2.8037, 1495481234648
6.8626, 2.7034, 1495481234723
7.5793, 2.2996, 1495481234725
7.8801, 2.6203, 1495481234729
7.4674, 3.2958, 1495481234732
6.5621, 3.0492, 1495481234747
5.5834, 3.0408, 1495481234793
6.5897, 2.3877, 1495481234799
13.1096, 5.8880, 1495481234845
20.8811, 10.5391, 1495481234848
17.2212, 6.6313, 1495481234857
10.5003, 4.0424, 1495481234893
7.9319, 3.7990, 1495481234898
9.8161, 1.4112, 1495481234920
12.0143, 4.6011, 1495481234968
19.6844, 9.1226, 1495481234970
15.5847, 7.0913, 1495481234976
5.6934, 6.2323, 1495481235009
5.6842, 5.1179, 1495481235011
9.4829, 3.2809, 1495481235044
11.4163, 1.5275, 1495481235048
12.4200, 4.1096, 1495481235075
9.8816, 2.0399, 1495481235086
8.2840, 1.7636, 1495481235107
8.1297, 1.3668, 1495481235139
8.1143, 1.6399, 1495481235158
8.3099, 1.0646, 1495481235166
9.0518, 0.4967, 1495481235187
9.0208, 0.3477, 1495481235207
8.9935, 0.6099, 1495481235238
9.2256, 0.8901, 1495481235269
8.9716, 0.2173, 1495481235273
9.6085, 0.9474, 1495481235310
10.2469, 1.5386, 1495481235314
10.5819, 1.2848, 1495481235344
10.2984, 0.5957, 1495481235348
10.5691, 0.9139, 1495481235369
11.2998, 1.8843, 1495481235395
11.8971, 2.7467, 1495481235418
12.3301, 2.3246, 1495481235448
13.2903, 2.2383, 1495481235455
13.4641, 1.9837, 1495481235480
13.0692, 1.6288, 1495481235505
11.2921, 1.2915, 1495481235510
10.1149, 1.3805, 1495481235532
12.0200, 0.8877, 1495481235551
14.0769, 2.6437, 1495481235570
14.1955, 2.3061, 1495481235599
12.2871, 1.5740, 1495481235617
11.8511, 1.7137, 1495481235637
11.4902, 1.5048, 1495481235646
9.7410, 2.5754, 1495481235667
8.5362, 2.7172, 1495481235687
7.0451, 3.5067, 1495481235716
6.9168, 2.8786, 1495481235738
6.9998, 2.3201, 1495481235746
6.3770, 2.3199, 1495481235771
6.4409, 2.5787, 1495481235798
6.6113, 2.5548, 1495481235822
6.5438, 2.1722, 1495481235826
6.3409, 2.2145, 1495481235850
6.4225, 2.8535, 1495481235880
6.4619, 2.9352, 1495481235899
7.8622, 3.5270, 1495481235907
10.0989, 4.1513, 1495481235928
20.4202, 11.4175, 1495481235950
21.3258, 9.4056, 1495481235979
14.2008, 2.7644, 1495481235999
8.2630, 3.2861, 1495481236007
9.5058, 2.1267, 1495481236032
10.9278, 4.6945, 1495481236046
10.5950, 3.7264, 1495481236068
12.4620, 4.1042, 1495481236093
10.3119, 4.7967, 1495481236111
8.4174, 2.8194, 1495481236128
9.9632, 2.6146, 1495481236150
10.8038, 1.8354, 1495481236178
10.8820, 1.8592, 1495481236198
9.7432, 2.1335, 1495481236206
9.2440, 1.5911, 1495481236230
8.6706, 0.9553, 1495481236258
8.3552, 1.0759, 1495481236275
8.2784, 1.2413, 1495481236298
8.4513, 0.9968, 1495481236308
8.9732, 0.8691, 1495481236347
9.3256, 0.8581, 1495481236352
9.2804, 0.9585, 1495481236380
9.0628, 0.0986, 1495481236388
8.5987, 0.7485, 1495481236418
9.9404, 1.9985, 1495481236426
10.4378, 1.5398, 1495481236452
9.9780, 1.1296, 1495481236043
10.8207, 1.4039, 1495481236056
11.7864, 2.3342, 1495481236061
11.6609, 2.1921, 1495481236118
12.3472, 1.6629, 1495481236126
13.3843, 2.2836, 1495481236135
14.1029, 2.5515, 1495481236176
13.7138, 1.8378, 1495481236189
11.2106, 0.8954, 1495481236193
10.4275, 1.3347, 1495481236235
12.4222, 2.6108, 1495481236239
13.3059, 2.1218, 1495481236245
12.4314, 1.1621, 1495481236265
10.9836, 1.8366, 1495481236286
10.3023, 1.6872, 1495481236321
9.9991, 2.0920, 1495481236324
9.3610, 1.7979, 1495481236335
8.1785, 2.2115, 1495481236355
7.8449, 2.0139, 1495481236384
8.1767, 1.8122, 1495481236405
8.0548, 1.9844, 1495481236444
7.3268, 1.8281, 1495481236447
7.0844, 2.1288, 1495481236479
6.8783, 2.3642, 1495481236482
6.6341, 2.1116, 1495481236515
6.3855, 3.0333, 1495481236520
6.2184, 3.1396, 1495481236541
6.0776, 2.7207, 1495481236572
7.0508, 2.0726, 1495481236576
12.9901, 6.1057, 1495481236603
20.4787, 10.3797, 1495481236613
17.1148, 6.0625, 1495481236683
11.3739, 1.6477, 1495481236691
7.0356, 3.8380, 1495481236694
9.2674, 3.3949, 1495481236715
12.2099, 4.6866, 1495481236723
17.6041, 6.1526, 1495481236747
10.7129, 3.9588, 1495481236773
7.2391, 4.2865, 1495481236797
9.3845, 3.8080, 1495481236820
10.8973, 1.5752, 1495481236825
11.1880, 1.7282, 1495481236861
8.8675, 1.6481, 1495481236866
9.3804, 1.2578, 1495481236906
8.8697, 0.8659, 1495481236908
8.5093, 1.6910, 1495481236939
8.9733, 1.9463, 1495481236943
9.1831, 1.9563, 1495481236964
9.0878, 1.5221, 1495481236997
9.7600, 0.8622, 1495481237003
9.1805, 0.4898, 1495481237030
9.0012, 0.4535, 1495481237062
9.2661, 0.5338, 1495481237082
9.9351, 1.2043, 1495481237085
10.7173, 1.5646, 1495481237121
11.2799, 1.6290, 1495481237124
11.7229, 1.5544, 1495481237155
11.8677, 1.3635, 1495481237181
10.8618, 0.5689, 1495481237184
9.9599, 0.8582, 1495481237212
10.7982, 0.7695, 1495481237241
12.1962, 1.3990, 1495481237265
12.0325, 2.6647, 1495481237268
10.5531, 1.6620, 1495481237288
11.7383, 2.2593, 1495481237308
13.8423, 2.6426, 1495481237330
14.1444, 3.3580, 1495481237343
12.3104, 2.1846, 1495481237363
9.5275, 2.4743, 1495481237389
8.0464, 2.9640, 1495481237410
7.0535, 3.4960, 1495481237423
7.0554, 3.0436, 1495481237444
6.9121, 2.5640, 1495481237472
7.0479, 1.8634, 1495481237494
7.5470, 1.3043, 1495481237502
8.2270, 1.6908, 1495481237527
9.4552, 1.7136, 1495481237562
10.8000, 2.2812, 1495481237565
13.2181, 4.0743, 1495481237592
12.1742, 2.8435, 1495481237608
10.4588, 3.1483, 1495481237624
5.3901, 4.7601, 1495481237646
3.1638, 5.8215, 1495481237675
1.2576, 6.7009, 1495481237683
3.7986, 5.6788, 1495481237708
6.4609, 3.9521, 1495481237724
10.9705, 5.1583, 1495481237743
17.1498, 9.1556, 1495481237771
18.6333, 8.6958, 1495481237794
17.1135, 7.1717, 1495481237803
14.3893, 5.3099, 1495481237829
12.3872, 2.3499, 1495481237855
17.2549, 5.1028, 1495481237873
22.6186, 9.1743, 1495481237883
23.8495, 9.1034, 1495481237905
24.6772, 8.4001, 1495481237935
23.6545, 5.5554, 1495481237951
24.6498, 5.7328, 1495481237967
24.6453, 4.4553, 1495481237990
20.1321, 9.6465, 1495481238026
8.6915, 15.1043, 1495481238029
7.2693, 13.9333, 1495481238053
4.0116, 11.3134, 1495481238157
3.7122, 6.3855, 1495481238184
5.9325, 9.6233, 1495481238189
7.7835, 10.3650, 1495481238192
15.4049, 12.4942, 1495481238194
15.7457, 9.9712, 1495481238199
10.3494, 6.7781, 1495481238203
10.9975, 12.8616, 1495481238236
17.3062, 17.1578, 1495481238243
10.2861, 8.6818, 1495481238247
5.7309, 3.2083, 1495481238266
3.4554, 2.5789, 1495481238291
2.0543, 2.4810, 1495481238319
4.8328, 3.6457, 1495481238326
5.6127, 3.3213, 1495481238352
8.6125, 4.8270, 1495481238364
6.8971, 2.4164, 1495481238402
6.9337, 7.9115, 1495481238408
15.1198, 13.5406, 1495481238433
12.6452, 8.8623, 1495481238442
9.4058, 4.3798, 1495481238464
20.7945, 20.0453, 1495481238494
10.8039, 8.1084, 1495481238510
27.6803, 22.2103, 1495481238539
28.5568, 19.9943, 1495481238546
20.2852, 9.5796, 1495481238612
18.6204, 5.6090, 1495481238618
17.9352, 7.1039, 1495481238624
15.4860, 4.7280, 1495481238641
14.3829, 1.0297, 1495481238645
11.9839, 4.8099, 1495481238671
6.6847, 5.9345, 1495481238698
3.2135, 7.2526, 1495481238703
2.2879, 8.2400, 1495481238733
1.6897, 7.4192, 1495481238775
2.4049, 6.9243, 1495481238800
3.0119, 3.8125, 1495481238803
4.7996, 2.9162, 1495481238805
4.4910, 1.3840, 1495481238827
2.9715, 1.2868, 1495481238844
3.5971, 3.3820, 1495481238865
6.6254, 4.0300, 1495481238892
16.7912, 10.7536, 1495481238911
21.7217, 12.5342, 1495481238928
23.0073, 11.8504, 1495481238942
18.3507, 5.5091, 1495481238964
11.6352, 4.2667, 1495481238995
9.6322, 5.8813, 1495481239003
6.3650, 7.6491, 1495481239024
6.4140, 8.3925, 1495481239044
1.5501, 5.6429, 1495481239074
1.7721, 4.9445, 1495481239092
6.3938, 7.4531, 1495481239109
7.9161, 6.7382, 1495481239127
12.7711, 7.8024, 1495481239143
17.4699, 9.4888, 1495481239163
22.5181, 11.5813, 1495481239192
19.8843, 8.9765, 1495481239219
13.5343, 4.8312, 1495481239223
10.2361, 2.2127, 1495481239243
10.2565, 2.8572, 1495481239275
9.7579, 4.5130, 1495481239283
8.0263, 3.5277, 1495481239308
5.9234, 4.2525, 1495481239322
4.8286, 3.6373, 1495481239344
7.4527, 0.9990, 1495481239371
9.8836, 1.5200, 1495481239392
12.6736, 3.3690, 1495481239403
12.6675, 2.6513, 1495481239424
10.3746, 0.8408, 1495481239452
9.3245, 0.8642, 1495481239481
8.8890, 1.0046, 1495481239490
9.3872, 1.3536, 1495481239524
10.2720, 1.8760, 1495481239535
9.8484, 1.2078, 1495481239560
9.4927, 0.7951, 1495481239564
9.3598, 0.4165, 1495481239619
9.9318, 0.8303, 1495481239627
11.2944, 2.1441, 1495481239685
11.4143, 2.2529, 1495481239691
10.5016, 2.0564, 1495481239693
10.0502, 1.6246, 1495481239715
10.0056, 1.1703, 1495481239732
9.9088, 0.7697, 1495481239735
9.0537, 1.1335, 1495481239768
7.8157, 1.7175, 1495481239770
5.5114, 3.3642, 1495481239789
4.9786, 5.2415, 1495481239806
4.5687, 4.9751, 1495481239825
5.4517, 5.0650, 1495481239870
6.2527, 5.7682, 1495481239873
3.0113, 1.9623, 1495481239885
9.9812, 4.9715, 1495481239904
20.3110, 11.9177, 1495481239939
20.0283, 10.4938, 1495481239947
17.9417, 6.2095, 1495481239976
17.7801, 5.8075, 1495481239983
23.5378, 9.7982, 1495481240027
24.3695, 9.1502, 1495481240031
26.9065, 10.0012, 1495481240052
25.0758, 5.9559, 1495481240062
24.2765, 4.3445, 1495481240084
21.6157, 3.8653, 1495481240112
4.8651, 15.4631, 1495481240134
6.6864, 16.0506, 1495481240143
15.9794, 11.4602, 1495481240164
7.3626, 10.9201, 1495481240184
6.4030, 10.9854, 1495481240219
5.5093, 8.7136, 1495481240228
10.1078, 10.7395, 1495481240249
16.5097, 13.9102, 1495481240262
10.1775, 5.7545, 1495481240283
7.5289, 1.8911, 1495481240317
3.7299, 7.5751, 1495481240323
12.7669, 13.4064, 1495481240348
8.1853, 7.2869, 1495481240362
4.8694, 3.6953, 1495481240384
3.8661, 2.3935, 1495481240408
2.9850, 3.0316, 1495481240435
2.6757, 1.6943, 1495481240442
4.4125, 2.7533, 1495481240463
6.5524, 3.8845, 1495481240490
9.6617, 5.7576, 1495481240511
8.1915, 4.7714, 1495481240530
8.7931, 6.5225, 1495481240542
8.4056, 5.7180, 1495481240563
10.0097, 7.2777, 1495481240588
20.1292, 19.2316, 1495481240614
20.4261, 15.4934, 1495481240622
21.8354, 15.4932, 1495481240643
28.0782, 20.9400, 1495481240663
19.8279, 15.3739, 1495481240685
16.3100, 7.5765, 1495481240703
20.5488, 10.7343, 1495481240725
19.9000, 6.5243, 1495481240744
18.9331, 5.3620, 1495481240774
13.9412, 2.5528, 1495481240795
8.3648, 5.5425, 1495481240802
6.0207, 5.8196, 1495481240823
2.6320, 7.4422, 1495481240844
3.0177, 7.8169, 1495481240869
3.6110, 7.2536, 1495481240887
3.0142, 7.2795, 1495481240908
4.4338, 7.2465, 1495481240926
4.5590, 5.7628, 1495481240952
1.3462, 1.1375, 1495481240969
2.1956, 0.8283, 1495481240992
4.1603, 2.6798, 1495481241002
14.7891, 11.1024, 1495481241026
11.0019, 6.5986, 1495481241052
17.0663, 9.8051, 1495481241068
19.7610, 10.3020, 1495481241083
19.9841, 8.3285, 1495481241105
19.0736, 6.0614, 1495481241122
11.7973, 3.8187, 1495481241143
10.3286, 3.0676, 1495481241169
8.2331, 3.4767, 1495481241187
7.5936, 3.7935, 1495481241207
6.7036, 3.6670, 1495481241243
6.2447, 4.1704, 1495481241246
5.0549, 3.6536, 1495481241267
5.1343, 3.1294, 1495481241285
5.5689, 2.5239, 1495481241303
8.4931, 2.5285, 1495481241323
18.4585, 9.2397, 1495481241350
20.4550, 9.6416, 1495481241366
12.6623, 3.7680, 1495481241383
8.7450, 2.9801, 1495481241404
8.9180, 3.7535, 1495481241437
9.4648, 3.4384, 1495481241443
10.3543, 3.2247, 1495481241467
9.7324, 1.5359, 1495481241483
9.9235, 1.0267, 1495481241504
9.8792, 1.9822, 1495481241531
9.9839, 2.2036, 1495481241549
10.1546, 2.0746, 1495481241566
9.6462, 1.5971, 1495481241583
9.5419, 1.3990, 1495481241603
9.6568, 0.9023, 1495481241632
9.4842, 0.6573, 1495481241651
9.3994, 0.3880, 1495481241662
9.6814, 0.5237, 1495481241687
9.8746, 0.9004, 1495481241714
9.7607, 0.9753, 1495481241731
9.4603, 0.7801, 1495481241751
9.4102, 0.5404, 1495481241762
9.6677, 0.4822, 1495481241783
10.0661, 0.7664, 1495481241804
10.3486, 0.6872, 1495481241833
10.5863, 0.7990, 1495481241843
11.7426, 1.4571, 1495481241863
13.8807, 3.0141, 1495481241884
16.3935, 4.5966, 1495481241911
15.2319, 3.2066, 1495481241932
12.1337, 1.5971, 1495481241943
10.9937, 2.0348, 1495481241963
9.9095, 2.4345, 1495481241984
8.8773, 2.4713, 1495481242013
7.8135, 2.7276, 1495481242032
7.4176, 2.4487, 1495481242042
8.2911, 1.3451, 1495481242064
8.7768, 0.7918, 1495481242083
9.8172, 0.7218, 1495481242111
10.5930, 1.2921, 1495481242139
11.3791, 1.5904, 1495481242143
11.0130, 1.1377, 1495481242164
10.1020, 1.1064, 1495481242194
8.7922, 1.5845, 1495481242215
7.9648, 1.8228, 1495481242225
7.6505, 1.8175, 1495481242255
7.4707, 1.7092, 1495481242277
7.0780, 1.7692, 1495481242301
7.0338, 1.7341, 1495481242304
7.3637, 2.2987, 1495481242331
6.9756, 2.1268, 1495481242343
6.9240, 2.4590, 1495481242363
8.1343, 2.5469, 1495481242392
11.6993, 3.8684, 1495481242412
14.5092, 5.4128, 1495481242422
13.8455, 3.6102, 1495481242442
12.2111, 2.0243, 1495481242463
8.9468, 1.9528, 1495481242487
10.1975, 2.0411, 1495481242508
14.9670, 7.4720, 1495481242524
14.9936, 6.7322, 1495481242549
10.1153, 2.5572, 1495481242572
7.9273, 2.7906, 1495481242589
8.7129, 2.8298, 1495481242607
11.2218, 3.0393, 1495481242623
12.2167, 2.7412, 1495481242643
11.9093, 1.5644, 1495481242669
10.3444, 0.9617, 1495481242686
8.6609, 1.6559, 1495481242705
7.9948, 1.9323, 1495481242725
7.9007, 1.6321, 1495481242756
7.9504, 1.1816, 1495481242777
8.3534, 1.2723, 1495481242784
8.7531, 0.8089, 1495481242810
9.6736, 0.9657, 1495481242823
10.1001, 1.3872, 1495481242844
9.7394, 1.0903, 1495481242868
9.1688, 0.7678, 1495481242886
8.7025, 0.5435, 1495481242903
8.8147, 0.4771, 1495481242924
9.8864, 1.3274, 1495481242949
10.4493, 1.4475, 1495481242969
10.3886, 0.8879, 1495481242990
11.1370, 2.1210, 1495481243002
11.6037, 1.6819, 1495481243023
11.9952, 1.4215, 1495481243049
12.0392, 1.5101, 1495481243073
12.0599, 1.4276, 1495481243082
13.4852, 1.9940, 1495481243103
12.7837, 1.1156, 1495481243124
12.0497, 0.9525, 1495481243148
10.3930, 1.8199, 1495481243165
10.0100, 1.7599, 1495481243183
12.5536, 2.3703, 1495481243203
14.1651, 2.8726, 1495481243229
12.8681, 2.1176, 1495481243247
12.1761, 2.1083, 1495481243264
11.1354, 1.5848, 1495481243283
10.7978, 1.8546, 1495481243304
9.1266, 2.1111, 1495481243333
8.0182, 2.5181, 1495481243355
7.9045, 2.5098, 1495481243362
7.6105, 1.9122, 1495481243383
7.3316, 1.8642, 1495481243404
6.8606, 1.7794, 1495481243431
6.5073, 1.8769, 1495481243450
6.3976, 2.0742, 1495481243470
6.1552, 2.1417, 1495481243482
5.7556, 2.5352, 1495481243504
5.4008, 2.6892, 1495481243533
6.1870, 3.2196, 1495481243542
7.6232, 3.1484, 1495481243563
13.9349, 6.6117, 1495481243584
20.9009, 10.6368, 1495481243613
18.1136, 6.3416, 1495481243649
13.8421, 1.9250, 1495481243655
7.9078, 4.6174, 1495481243677
7.8176, 3.1343, 1495481243695
10.4437, 5.7315, 1495481243712
16.9425, 7.4984, 1495481243729
16.0272, 7.1932, 1495481243744
7.9813, 4.0059, 1495481243763
7.3265, 3.6572, 1495481243783
9.9480, 3.8236, 1495481243809
12.0032, 2.1849, 1495481243824
12.7417, 3.5851, 1495481243843
10.1126, 1.7168, 1495481243863
8.4764, 1.8322, 1495481243889
8.1352, 1.7434, 1495481243909
7.9639, 1.6959, 1495481243926
8.2511, 1.2887, 1495481243943
8.6272, 0.7547, 1495481243963
8.8135, 0.2946, 1495481243995
9.1570, 0.6471, 1495481244013
9.2235, 0.9284, 1495481244022
9.3393, 0.8943, 1495481244043
9.4513, 1.2012, 1495481244066
9.9515, 1.6289, 1495481244089
10.9249, 1.5433, 1495481244108
10.9683, 1.0986, 1495481244129
10.7777, 1.0935, 1495481244142
10.9511, 1.4063, 1495481244163
11.2560, 0.9310, 1495481244188
11.5940, 1.0086, 1495481244209
11.8142, 1.1474, 1495481244227
12.8486, 1.9482, 1495481244243
12.2441, 1.0599, 1495481244263
11.4012, 0.8017, 1495481244290
11.7700, 0.6463, 1495481244313
13.5471, 1.9232, 1495481244323
14.5534, 2.1662, 1495481244343
13.4106, 1.4894, 1495481244368
11.2340, 1.4889, 1495481244386
11.3633, 1.4803, 1495481244403
10.6318, 1.6443, 1495481244423
9.0178, 2.3058, 1495481244444
8.0644, 2.5828, 1495481244477
7.7807, 2.3290, 1495481244483
8.1794, 1.4935, 1495481244503
8.2641, 1.8538, 1495481244523
7.6355, 1.6002, 1495481244550
7.6507, 1.4483, 1495481244568
8.2295, 1.5427, 1495481244586
8.9225, 2.7404, 1495481244603
8.4349, 3.0470, 1495481244624
7.2338, 2.9931, 1495481244656
7.0614, 2.2879, 1495481244663
7.8299, 2.4530, 1495481244683
9.1272, 2.8489, 1495481244703
12.7570, 4.6287, 1495481244723
15.2259, 5.7075, 1495481244749
14.8779, 5.7750, 1495481244772
12.9038, 3.3990, 1495481244796
9.6646, 3.0991, 1495481244803
9.2728, 2.2733, 1495481244823
13.0981, 4.4644, 1495481244850
17.8726, 8.3244, 1495481244866
12.6693, 6.7556, 1495481244883
5.6784, 5.8888, 1495481244903
7.8582, 3.8819, 1495481244937
11.3896, 2.7018, 1495481244943
13.0591, 2.9550, 1495481244972
11.4343, 1.8270, 1495481244982
9.1952, 1.1679, 1495481245003
8.3781, 1.6477, 1495481245029
8.3721, 1.3785, 1495481245050
9.1103, 1.0817, 1495481245072
9.5700, 1.2143, 1495481245083
9.3325, 0.4764, 1495481245103
9.5529, 0.6514, 1495481245128
9.8356, 0.6918, 1495481245145
9.4301, 0.5134, 1495481245165
9.0728, 0.9944, 1495481245184
9.6415, 0.8139, 1495481245212
9.9673, 0.6645, 1495481245229
10.1694, 0.5945, 1495481245246
9.8380, 0.2793, 1495481245265
10.2728, 0.5412, 1495481245299
10.5413, 0.8872, 1495481245325
10.6517, 0.8786, 1495481245340
11.0413, 1.2045, 1495481245360
11.9035, 1.4314, 1495481245370
12.5579, 1.5722, 1495481245387
12.6439, 1.4939, 1495481245410
11.5909, 0.5317, 1495481245427
10.9035, 0.6148, 1495481245444
10.5812, 0.6376, 1495481245463
12.1691, 1.3913, 1495481245484
12.7885, 1.8757, 1495481245509
13.2097, 2.4387, 1495481245528
11.9976, 1.6952, 1495481245545
11.7094, 1.4812, 1495481245563
11.1979, 0.8759, 1495481245589
9.8286, 1.5663, 1495481245609
8.2765, 2.5901, 1495481245629
8.0205, 2.2886, 1495481245642
8.4810, 1.3860, 1495481245664
8.8166, 0.8702, 1495481245689
8.5179, 1.2405, 1495481245714
7.9105, 1.2993, 1495481245722
7.3509, 1.7165, 1495481245743
7.3349, 1.7429, 1495481245763
6.9824, 1.6949, 1495481245791
6.7194, 1.9222, 1495481245811
6.3825, 2.3356, 1495481245822
6.7203, 2.3686, 1495481245844
8.2583, 2.7265, 1495481245876
9.7431, 3.0841, 1495481245892
15.1684, 6.4694, 1495481245908
18.5435, 7.6846, 1495481245924
13.6218, 2.9605, 1495481245944
9.9633, 2.5744, 1495481245970
8.2773, 3.6863, 1495481245989
7.6353, 2.8800, 1495481246009
8.9924, 3.9491, 1495481246023
14.8304, 6.3469, 1495481246045
18.2058, 8.1129, 1495481246070
10.0597, 3.9748, 1495481246086
6.3821, 4.5130, 1495481246103
8.2189, 3.6809, 1495481246123
10.7958, 3.3637, 1495481246144
12.8089, 3.6426, 1495481246171
11.8907, 2.2664, 1495481246192
9.4355, 1.0889, 1495481246202
8.7011, 1.4285, 1495481246223
8.3292, 1.8941, 1495481246251
8.5673, 1.6108, 1495481246270
9.1087, 0.6437, 1495481246287
9.0876, 0.5029, 1495481246306
9.4288, 0.3183, 1495481246333
9.6645, 0.6231, 1495481246352
9.6360, 0.7882, 1495481246368
9.6061, 0.7616, 1495481246384
9.6607, 0.5534, 1495481246403
9.8082, 0.6719, 1495481246423
9.9956, 0.8082, 1495481246449
10.2650, 1.0115, 1495481246467
10.3142, 0.9651, 1495481246488
10.5386, 0.8183, 1495481246503
10.8708, 0.8085, 1495481246524
11.4123, 1.2859, 1495481246549
11.7103, 1.0466, 1495481246566
13.0344, 1.9802, 1495481246585
13.5358, 2.0247, 1495481246633
11.7811, 0.7695, 1495481246642
10.8887, 0.8771, 1495481246656
10.3778, 0.8885, 1495481246663
11.8285, 0.9047, 1495481246683
14.4656, 2.9299, 1495481246704
12.3777, 1.0850, 1495481246729
11.0842, 1.4517, 1495481246747
11.1958, 1.0930, 1495481246764
10.8203, 1.1726, 1495481246784
9.5474, 1.8200, 1495481246804
8.7660, 2.1226, 1495481246830
8.1829, 2.1492, 1495481246849
8.5097, 1.7333, 1495481246867
8.7577, 0.9293, 1495481246883
8.2736, 1.2420, 1495481246904
7.4634, 1.7679, 1495481246930
7.0633, 2.0181, 1495481246952
7.0257, 2.1224, 1495481246962
7.0217, 1.9777, 1495481246985
7.0383, 2.4664, 1495481247011
6.6492, 2.4316, 1495481247033
7.1019, 2.3419, 1495481247042
8.0606, 2.3595, 1495481247063
11.8557, 4.5719, 1495481247084
18.4099, 8.3769, 1495481247110
17.2770, 6.1807, 1495481247128
12.0121, 3.2730, 1495481247144
9.3952, 3.7295, 1495481247164
6.8556, 5.2173, 1495481247183
5.8887, 4.0814, 1495481247209
10.2805, 3.3083, 1495481247227
19.2906, 10.0761, 1495481247244
19.7233, 9.4047, 1495481247264
10.8065, 3.2059, 1495481247326
5.7006, 5.4035, 1495481247329
8.0630, 5.3686, 1495481247332
9.1395, 2.1316, 1495481247346
11.1793, 2.2853, 1495481247373
10.6084, 0.8043, 1495481247393
9.1674, 0.7230, 1495481247409
8.5163, 1.4815, 1495481247427
8.3654, 1.0936, 1495481247445
9.0474, 0.5671, 1495481247477
9.4930, 1.2494, 1495481247498
9.6515, 1.2129, 1495481247503
9.8942, 1.3772, 1495481247525
9.8002, 1.1547, 1495481247545
9.2444, 0.9809, 1495481247571
9.0107, 0.6148, 1495481247591
9.1521, 0.3280, 1495481247604
9.4926, 0.5967, 1495481247624
10.4176, 1.3331, 1495481247644
10.4102, 1.0045, 1495481247672
10.3421, 0.7029, 1495481247693
10.5758, 0.9526, 1495481247703
11.2157, 1.3456, 1495481247725
12.2046, 1.7661, 1495481247744
12.8159, 1.8244, 1495481247774
13.4459, 2.0188, 1495481247795
13.9455, 2.0005, 1495481247802
12.5613, 0.9172, 1495481247824
9.5640, 2.4880, 1495481247853
9.8196, 1.8138, 1495481247873
11.2795, 1.5233, 1495481247889
12.8768, 2.5127, 1495481247937
12.2368, 1.7774, 1495481247939
10.7460, 1.5384, 1495481247953
10.5096, 1.8839, 1495481247969
10.2875, 1.6465, 1495481247986
9.7237, 1.1990, 1495481248003
8.1245, 2.2042, 1495481248024
7.8827, 2.1801, 1495481248051
7.7181, 2.2777, 1495481248069
7.5365, 1.7613, 1495481248087
8.0825, 1.7135, 1495481248105
8.1587, 1.4840, 1495481248134
8.0372, 1.7525, 1495481248155
8.1226, 2.2659, 1495481248163
7.9250, 3.7040, 1495481248207
6.7011, 2.9185, 1495481248210
6.6855, 2.5125, 1495481248234
9.6270, 3.7043, 1495481248252
13.4678, 5.2960, 1495481248269
16.6987, 6.7405, 1495481248286
15.6871, 4.8396, 1495481248304
12.4523, 1.4456, 1495481248331
10.6406, 1.0828, 1495481248349
11.3050, 1.7932, 1495481248367
12.6163, 3.1292, 1495481248384
13.7417, 5.3929, 1495481248404
11.0661, 5.8967, 1495481248432
6.2756, 5.4914, 1495481248453
8.1050, 3.6839, 1495481248462
10.8985, 2.0690, 1495481248483
11.3493, 1.6924, 1495481248503
10.7689, 3.0086, 1495481248528
9.6596, 1.4754, 1495481248546
8.7364, 1.6034, 1495481248565
8.5068, 1.2461, 1495481248584
8.2898, 1.2779, 1495481248612
8.4092, 0.7738, 1495481248648
9.0832, 0.5079, 1495481248651
9.5480, 0.4860, 1495481248667
9.6808, 0.7254, 1495481248696
9.5764, 0.5531, 1495481248716
9.3694, 0.6730, 1495481248723
9.3742, 0.2804, 1495481248743
9.5074, 0.1830, 1495481248763
9.6023, 0.5825, 1495481248784
10.1162, 0.9245, 1495481248809
11.5894, 1.8779, 1495481248829
11.8983, 1.6307, 1495481248848
11.8382, 2.1803, 1495481248862
12.0867, 2.4188, 1495481248884
12.9396, 1.9462, 1495481248910
13.3814, 1.7539, 1495481248931
12.8676, 1.3521, 1495481248942
11.5245, 1.1138, 1495481248964
10.2509, 1.3434, 1495481248992
12.2665, 1.7873, 1495481249013
13.2488, 2.2406, 1495481249030
13.6770, 2.9950, 1495481249042
12.8021, 2.4677, 1495481249064
10.9211, 1.4940, 1495481249089
10.4316, 1.8461, 1495481249108
9.8575, 2.1214, 1495481249125
8.9676, 2.4290, 1495481249143
7.9024, 2.6851, 1495481249187
7.8231, 2.0221, 1495481249192
8.3787, 2.4051, 1495481249207
8.3066, 1.5920, 1495481249224
7.6858, 1.9389, 1495481249244
7.6829, 2.0043, 1495481249272
7.8068, 1.9767, 1495481249289
7.8949, 2.1224, 1495481249307
7.4037, 3.1785, 1495481249323
6.9599, 3.0810, 1495481249344
6.8330, 2.6492, 1495481249371
9.1400, 3.5632, 1495481249389
11.9522, 4.6025, 1495481249406
18.3730, 8.4795, 1495481249423
19.2163, 8.1972, 1495481249444
14.1090, 4.6381, 1495481249469
10.9633, 3.8024, 1495481249487
6.9028, 4.2324, 1495481249506
8.7467, 4.3642, 1495481249526
19.1200, 9.8124, 1495481249554
19.1740, 9.8078, 1495481249574
7.2854, 6.0194, 1495481249583
6.2060, 5.2164, 1495481249633
9.6809, 4.8256, 1495481249636
11.7332, 3.8982, 1495481249652
14.2603, 5.6977, 1495481249671
13.1758, 4.3612, 1495481249688
8.7185, 3.0051, 1495481249703
7.8779, 2.0707, 1495481249724
7.6398, 1.9971, 1495481249751
8.1558, 2.0595, 1495481249784
8.7683, 1.1518, 1495481249790
9.5740, 0.8072, 1495481249848
9.7211, 0.6854, 1495481249850
9.4073, 0.9812, 1495481249874
9.1688, 0.8164, 1495481249880
9.6528, 1.2137, 1495481249882
9.9807, 1.2900, 1495481249907
10.2594, 0.8713, 1495481249939
10.3914, 0.7281, 1495481249944
10.3170, 0.5321, 1495481249971
10.8316, 0.9372, 1495481249984
11.4448, 1.8438, 1495481250003
11.6879, 1.7761, 1495481250031
12.0619, 1.3756, 1495481250047
12.3831, 1.4077, 1495481250064
13.1479, 1.6806, 1495481250083
12.1174, 0.5245, 1495481250104
10.4032, 1.1903, 1495481250132
10.9332, 0.5364, 1495481250154
12.7932, 1.7279, 1495481250162
14.7170, 3.0842, 1495481250183
14.0994, 3.1803, 1495481250204
12.5805, 2.1430, 1495481250231
11.4429, 1.3446, 1495481250252
10.7878, 2.2224, 1495481250262
9.7993, 2.2454, 1495481250283
7.9545, 3.3454, 1495481250303
7.2414, 3.0609, 1495481250331
7.5929, 2.5740, 1495481250348
7.4871, 1.8310, 1495481250364
6.5994, 2.0706, 1495481250383
6.3601, 2.0775, 1495481250411
6.4026, 2.4818, 1495481250428
6.4108, 2.3628, 1495481250452
6.4123, 2.7597, 1495481250462
6.0148, 2.1752, 1495481250484
6.4696, 2.2731, 1495481250510
8.3122, 3.0745, 1495481250529
11.7122, 4.8626, 1495481250548
20.1284, 10.1899, 1495481250563
19.4399, 7.6111, 1495481250584
13.6278, 1.6647, 1495481250614
10.1519, 2.0109, 1495481250622
7.1786, 4.1183, 1495481250643
7.6206, 3.7124, 1495481250663
13.7222, 6.0931, 1495481250699
18.8052, 8.3975, 1495481250703
9.6334, 3.9672, 1495481250724
6.5451, 4.6388, 1495481250743
8.1869, 3.8839, 1495481250764
10.7606, 4.0905, 1495481250790
12.2304, 2.9617, 1495481250808
12.7927, 4.3367, 1495481250824
9.7407, 2.0336, 1495481250843
8.8193, 1.5160, 1495481250863
8.0705, 1.6121, 1495481250890
7.8870, 1.6946, 1495481250907
8.1927, 1.1398, 1495481250924
9.0205, 0.2006, 1495481250943
9.7686, 0.7472, 1495481250963
9.8373, 1.0652, 1495481250989
9.3708, 0.9220, 1495481251007
9.1634, 1.5313, 1495481251025
9.4437, 1.2459, 1495481251043
10.3166, 1.0477, 1495481251070
10.2776, 0.8170, 1495481251088
10.7009, 1.1067, 1495481251106
11.0275, 1.3416, 1495481251123
10.9647, 1.9091, 1495481251144
11.2141, 1.7825, 1495481251173
12.1725, 1.5890, 1495481251194
13.0091, 1.9525, 1495481251203
13.5115, 1.9822, 1495481251223
12.8449, 1.1433, 1495481251243
9.6819, 1.9665, 1495481251268
10.1734, 1.3364, 1495481251287
12.8530, 2.4926, 1495481251305
14.4916, 3.0532, 1495481251323
14.3497, 2.9471, 1495481251350
11.5741, 1.2361, 1495481251366
11.0194, 1.6740, 1495481251385
10.3211, 2.1040, 1495481251403
9.4890, 2.2487, 1495481251423
7.6740, 2.9603, 1495481251451
7.1697, 2.8519, 1495481251472
7.4014, 2.3593, 1495481251482
7.2701, 2.1773, 1495481251507
7.0116, 1.9204, 1495481251524
6.9364, 1.8143, 1495481251552
7.0261, 2.0047, 1495481251572
7.1423, 2.0334, 1495481251582
6.8115, 2.4509, 1495481251603
6.4598, 2.5770, 1495481251624
6.8649, 2.6576, 1495481251649
9.0006, 3.0519, 1495481251667
13.7469, 6.1582, 1495481251685
20.4918, 9.7749, 1495481251732
15.6924, 4.2474, 1495481251734
10.0069, 1.7338, 1495481251749
7.9109, 3.8295, 1495481251767
7.6805, 2.8923, 1495481251784
10.0929, 2.6794, 1495481251803
16.9475, 7.2844, 1495481251830
18.4514, 7.5314, 1495481251846
8.9759, 4.5115, 1495481251864
6.5237, 4.5764, 1495481251883
9.5644, 4.8233, 1495481251904
10.2280, 3.3272, 1495481251929
10.7978, 3.1705, 1495481251948
9.8377, 2.2219, 1495481251964
9.3632, 1.3798, 1495481251984
9.2154, 1.4450, 1495481252013
8.4804, 1.0697, 1495481252029
8.7663, 1.5106, 1495481252047
8.8094, 1.7786, 1495481252064
9.1796, 1.9128, 1495481252084
9.5483, 1.2127, 1495481252112
9.4415, 0.9303, 1495481252130
8.9209, 0.5170, 1495481252147
9.1686, 0.2505, 1495481252164
9.2927, 0.6204, 1495481252185
9.6097, 0.9100, 1495481252212
9.7957, 0.6052, 1495481252231
10.3337, 0.9017, 1495481252248
11.0466, 1.4561, 1495481252262
11.5903, 1.4744, 1495481252283
11.4737, 1.0770, 1495481252310
11.5485, 1.2459, 1495481252326
12.7299, 1.7613, 1495481252343
13.6587, 2.2080, 1495481252364
12.4238, 1.0761, 1495481252390
11.0599, 1.2976, 1495481252409
10.6174, 1.7878, 1495481252425
11.4495, 2.0922, 1495481252444
13.6122, 2.1507, 1495481252464
13.7540, 1.9156, 1495481252491
11.7726, 1.6927, 1495481252509
10.7852, 1.4495, 1495481252527
9.0658, 2.1841, 1495481252545
8.2172, 2.4917, 1495481252574
7.7757, 2.7375, 1495481252591
7.9318, 2.4903, 1495481252608
8.1730, 1.9439, 1495481252627
8.1931, 1.5371, 1495481252642
8.0880, 1.2905, 1495481252664
7.6154, 1.2210, 1495481252694
7.0802, 1.4484, 1495481252703
7.7397, 0.9025, 1495481252723
9.4418, 1.2546, 1495481252744
10.7678, 2.4960, 1495481252771
12.2320, 4.9959, 1495481252805
10.1737, 3.3936, 1495481252807
12.5572, 3.0355, 1495481252823
15.1764, 4.6939, 1495481252844
12.3327, 1.1713, 1495481252872
9.0133, 2.2656, 1495481252892
9.6374, 2.0177, 1495481252902
10.9247, 1.8478, 1495481252924
9.2803, 2.5860, 1495481252944
7.5928, 2.9598, 1495481252987
7.5801, 2.8544, 1495481252993
9.1676, 2.2829, 1495481253005
10.3684, 2.1214, 1495481253024
10.8337, 1.9800, 1495481253048
9.3988, 0.9020, 1495481253069
6.5473, 3.0084, 1495481253088
6.1333, 4.0020, 1495481253106
6.6265, 4.8620, 1495481253124
6.4764, 4.0284, 1495481253151
5.9608, 4.4120, 1495481253169
3.0144, 2.8112, 1495481253186
7.5469, 5.6313, 1495481253203
13.8522, 6.8056, 1495481253224
21.4055, 11.7951, 1495481253248
17.2306, 6.4821, 1495481253266
14.2006, 3.5746, 1495481253323
18.8244, 6.8534, 1495481253325
25.2852, 11.4150, 1495481253327
25.6548, 10.6882, 1495481253349
26.5996, 10.0731, 1495481253366
22.8603, 3.4574, 1495481253383
23.4668, 4.1757, 1495481253405
24.3433, 3.6330, 1495481253430
20.0193, 8.3142, 1495481253449
13.5651, 19.1977, 1495481253465
15.8673, 17.4866, 1495481253483
1.6071, 10.9908, 1495481253503
10.6092, 10.5674, 1495481253533
9.4122, 8.9973, 1495481253552
7.8851, 12.0172, 1495481253562
10.7667, 10.3454, 1495481253583
14.1596, 9.2526, 1495481253604
9.9572, 6.8314, 1495481253629
12.9030, 15.0165, 1495481253649
14.3591, 13.0231, 1495481253664
7.4607, 5.8999, 1495481253684
6.0589, 4.4609, 1495481253712
2.6590, 1.1131, 1495481253730
2.9903, 2.0499, 1495481253747
3.1757, 1.5652, 1495481253764
3.6856, 1.4348, 1495481253784
4.6993, 1.5960, 1495481253813
5.4137, 1.9369, 1495481253829
7.0346, 3.7704, 1495481253846
4.3641, 3.1558, 1495481253863
6.3264, 6.4654, 1495481253884
8.3976, 6.5857, 1495481253908
10.3570, 7.0911, 1495481253928
21.8759, 20.7458, 1495481253946
22.1791, 17.1248, 1495481253964
33.1790, 25.9839, 1495481253991
19.7628, 11.0325, 1495481254012
19.0663, 8.2320, 1495481254031
18.1346, 7.2178, 1495481254042
16.5078, 5.8046, 1495481254064
19.1939, 4.8347, 1495481254090
13.7778, 4.4237, 1495481254111
10.4588, 4.3016, 1495481254129
5.0380, 7.1184, 1495481254143
1.7666, 8.3013, 1495481254164
1.3543, 8.4819, 1495481254189
2.2414, 7.2119, 1495481254207
3.4933, 6.5478, 1495481254245
3.0823, 4.2326, 1495481254247
5.0410, 1.7968, 1495481254272
5.8894, 1.8575, 1495481254292
7.2568, 3.6862, 1495481254308
11.3710, 6.4376, 1495481254324
17.0438, 9.4565, 1495481254344
21.9252, 11.8598, 1495481254374
21.4321, 10.4820, 1495481254394
9.2901, 5.9466, 1495481254402
8.7794, 3.1630, 1495481254423
8.2411, 3.7231, 1495481254444
6.7861, 3.4757, 1495481254471
6.8676, 3.6596, 1495481254489
7.7107, 2.8891, 1495481254508
9.2820, 2.0423, 1495481254526
10.6929, 1.8890, 1495481254554
11.1767, 1.8456, 1495481254572
10.9697, 1.5307, 1495481254586
10.8588, 1.5779, 1495481254603
11.0082, 1.7403, 1495481254623
10.4714, 1.7078, 1495481254644
9.5054, 1.2494, 1495481254670
8.7172, 1.1618, 1495481254692
8.8873, 0.9660, 1495481254703
9.7501, 1.1210, 1495481254724
10.4389, 1.3236, 1495481254759
10.4266, 0.8483, 1495481254763
10.1406, 0.3128, 1495481254787
9.9866, 0.6150, 1495481254807
9.8095, 0.8713, 1495481254835
9.7971, 0.7629, 1495481254854
9.8744, 0.6435, 1495481254872
9.8753, 0.6199, 1495481254888
9.6267, 0.9027, 1495481254905
9.4435, 0.9288, 1495481254932
8.6826, 1.0381, 1495481254963
7.9045, 1.2950, 1495481254966
5.2586, 3.3840, 1495481254984
4.3255, 4.4715, 1495481255004
3.7692, 4.4748, 1495481255032
4.7883, 3.8404, 1495481255050
5.6802, 2.3102, 1495481255067
6.6293, 2.3976, 1495481255085
11.0200, 5.3240, 1495481255104
14.7504, 6.5339, 1495481255132
17.1143, 7.1472, 1495481255148
14.8936, 4.0688, 1495481255165
14.6478, 3.7636, 1495481255183
14.5245, 3.3536, 1495481255204
13.8073, 2.3187, 1495481255230
17.0001, 3.7641, 1495481255248
21.9720, 7.5994, 1495481255265
23.4870, 8.1962, 1495481255296
23.8365, 8.2249, 1495481255319
24.9749, 6.5671, 1495481255323
23.6472, 3.7669, 1495481255346
23.2813, 2.8871, 1495481255363
23.9038, 2.9158, 1495481255384
24.6008, 5.7846, 1495481255410
6.8884, 14.1719, 1495481255430
14.0600, 21.3085, 1495481255450
23.1621, 19.6460, 1495481255463
3.4334, 12.7367, 1495481255485
10.0898, 12.6580, 1495481255526
8.4953, 7.1880, 1495481255528
5.5691, 7.6511, 1495481255550
12.1704, 10.4126, 1495481255562
17.5932, 12.9823, 1495481255584
13.0920, 11.5067, 1495481255609
9.9310, 11.6363, 1495481255626
7.4547, 7.4246, 1495481255644
8.2621, 8.6818, 1495481255664
9.7380, 8.1793, 1495481255684
4.6227, 2.8785, 1495481255709
3.3368, 1.2516, 1495481255728
3.6320, 2.4898, 1495481255747
4.3936, 2.8445, 1495481255763
4.5647, 2.4868, 1495481255784
4.8516, 1.9329, 1495481255813
5.1640, 1.7592, 1495481255834
3.9535, 0.4592, 1495481255843
4.0153, 3.2721, 1495481255864
6.1145, 4.8457, 1495481255890
7.2956, 5.4805, 1495481255908
20.3870, 15.2324, 1495481255924
21.3583, 17.5147, 1495481255943
27.7322, 22.1267, 1495481255994
15.9681, 8.4050, 1495481255996
17.1690, 8.5281, 1495481256002
18.4934, 8.5466, 1495481256023
20.8318, 9.3690, 1495481256044
18.7347, 5.1006, 1495481256064
16.6081, 4.2365, 1495481256090
15.8372, 4.5374, 1495481256108
10.4835, 3.5534, 1495481256126
6.4324, 6.0321, 1495481256144
2.7708, 8.4529, 1495481256172
3.3577, 7.7902, 1495481256190
1.6081, 7.0654, 1495481256208
1.6266, 6.6706, 1495481256226
2.0172, 5.6369, 1495481256257
0.8750, 3.4567, 1495481256277
1.1847, 2.4528, 1495481256283
1.1614, 1.6813, 1495481256306
1.9622, 0.8164, 1495481256324
14.6139, 10.9642, 1495481256343
12.6005, 7.9895, 1495481256368
20.2348, 12.0040, 1495481256388
20.0064, 9.8352, 1495481256404
20.6622, 8.2037, 1495481256425
16.1880, 3.0056, 1495481256450
12.0181, 1.8723, 1495481256468
11.4355, 1.9013, 1495481256485
10.2707, 3.3865, 1495481256504
8.2517, 3.3184, 1495481256524
6.5022, 3.9485, 1495481256551
5.7285, 4.0855, 1495481256573
5.1526, 3.5494, 1495481256582
4.7692, 3.1009, 1495481256603
4.6470, 2.6373, 1495481256624
5.6038, 1.4765, 1495481256649
6.8450, 0.7445, 1495481256668
9.9083, 2.6275, 1495481256685
12.6260, 4.1942, 1495481256704
19.5237, 8.8608, 1495481256732
19.4919, 7.0903, 1495481256753
11.4574, 3.3753, 1495481256770
9.9610, 4.2300, 1495481256782
9.2020, 3.8081, 1495481256843
8.9785, 2.3820, 1495481256846
8.8470, 1.8467, 1495481256847
8.4215, 1.5765, 1495481256870
8.1199, 1.7552, 1495481256882
9.0211, 1.8107, 1495481256904
10.6816, 2.5179, 1495481256931
10.9288, 2.1474, 1495481256950
10.2222, 0.8627, 1495481256967
10.3394, 0.5328, 1495481256985
10.7393, 0.8553, 1495481257013
10.1198, 0.7555, 1495481257031
9.7809, 0.8590, 1495481257047
9.5302, 1.2919, 1495481257064
9.4159, 1.2633, 1495481257084
9.6817, 0.9549, 1495481257112
9.9109, 0.3845, 1495481257133
10.0238, 0.3497, 1495481257151
10.0738, 0.6477, 1495481257162
10.1643, 0.9084, 1495481257184
10.0548, 0.8328, 1495481257210
9.5458, 0.7443, 1495481257232
9.3390, 0.6907, 1495481257251
9.5608, 0.6653, 1495481257262
9.6268, 0.5245, 1495481257285
9.5442, 0.2369, 1495481257307
9.4982, 0.1492, 1495481257328
9.5355, 0.5064, 1495481257344
9.6263, 0.5597, 1495481257364
9.6935, 0.8764, 1495481257383
9.5958, 0.5544, 1495481257410
9.6570, 0.1497, 1495481257429
10.0351, 0.4592, 1495481257447
10.0822, 0.5367, 1495481257463
10.6685, 0.9336, 1495481257484
11.3613, 1.2903, 1495481257509
11.7187, 1.3413, 1495481257527
11.6759, 1.1964, 1495481257544
12.8566, 1.8486, 1495481257564
13.0645, 1.7077, 1495481257590
12.2963, 0.9169, 1495481257608
11.7684, 0.8830, 1495481257625
11.5835, 1.0461, 1495481257643
11.0826, 1.0775, 1495481257664
10.2921, 1.8404, 1495481257688
10.7033, 2.2682, 1495481257706
10.7798, 2.0230, 1495481257724
11.1886, 1.5754, 1495481257744
11.0992, 1.1878, 1495481257772
10.5326, 1.0447, 1495481257789
10.0121, 0.8505, 1495481257807
8.6302, 1.8577, 1495481257824
8.0757, 2.1133, 1495481257844
8.3755, 1.7901, 1495481257872
8.9850, 1.3747, 1495481257893
8.3839, 0.8901, 1495481257914
7.9664, 1.3467, 1495481257932
7.3358, 1.8010, 1495481257956
6.8670, 1.7573, 1495481257974
6.8222, 1.9206, 1495481257992
6.9036, 1.7486, 1495481258003
6.6677, 1.8299, 1495481258024
6.5992, 2.0089, 1495481258044
6.7016, 2.1852, 1495481258087
7.6657, 2.3951, 1495481258093
10.7824, 3.7027, 1495481258108
14.0127, 5.3193, 1495481258123
18.3593, 7.9167, 1495481258144
16.3744, 4.8327, 1495481258167
12.3452, 2.0645, 1495481258186
6.4361, 4.4453, 1495481258204
6.3944, 4.3205, 1495481258224
10.5765, 4.4495, 1495481258251
15.3568, 6.0823, 1495481258269
14.6253, 6.0249, 1495481258285
10.4199, 2.1448, 1495481258303
7.7988, 3.5126, 1495481258325
7.9920, 3.3613, 1495481258351
9.9825, 2.7982, 1495481258367
11.0871, 2.1608, 1495481258385
10.5573, 1.5138, 1495481258404
8.7465, 1.2411, 1495481258432
7.9708, 1.7408, 1495481258454
7.9463, 1.2923, 1495481258462
8.7328, 0.7053, 1495481258485
9.1109, 0.4420, 1495481258507
9.4023, 0.9688, 1495481258534
9.7690, 1.5856, 1495481258552
9.8933, 1.3702, 1495481258570
9.4611, 1.1382, 1495481258583
8.9024, 0.8159, 1495481258604
8.4576, 0.6505, 1495481258635
8.6989, 0.6996, 1495481258643
9.4354, 1.2469, 1495481258664
9.7787, 1.1996, 1495481258683
10.4992, 1.6128, 1495481258703
11.1369, 1.7923, 1495481258730
12.3595, 2.1370, 1495481258747
12.6168, 2.0233, 1495481258764
12.0522, 1.6356, 1495481258784
12.0818, 0.9710, 1495481258811
13.3369, 1.7240, 1495481258829
12.5003, 0.8810, 1495481258845
10.1460, 1.5700, 1495481258864
9.5173, 1.9213, 1495481258885
12.6747, 3.0435, 1495481258912
14.8457, 3.6421, 1495481258928
14.4260, 2.9675, 1495481258945
11.6079, 1.6815, 1495481258963
10.9313, 2.2007, 1495481258985
10.5155, 2.6720, 1495481259009
8.9721, 2.6681, 1495481259027
7.0210, 3.4247, 1495481259047
6.5921, 3.1145, 1495481259065
7.1322, 1.8989, 1495481259095
7.1462, 1.6030, 1495481259113
6.6121, 1.7157, 1495481259131
6.3213, 1.5981, 1495481259142
6.6221, 1.8561, 1495481259164
6.6627, 2.0907, 1495481259192
6.0026, 2.2423, 1495481259213
6.0031, 2.1694, 1495481259223
7.4735, 2.3552, 1495481259246
9.1315, 2.6640, 1495481259263
13.5516, 5.8200, 1495481259289
18.0834, 7.8704, 1495481259308
16.2186, 4.9762, 1495481259350
13.1032, 1.4705, 1495481259352
9.8374, 2.0320, 1495481259374
8.0832, 3.5235, 1495481259393
8.3680, 2.8296, 1495481259409
12.3331, 4.5171, 1495481259426
15.7768, 6.9721, 1495481259444
10.7726, 3.7674, 1495481259471
9.0762, 2.9397, 1495481259490
9.2668, 2.9412, 1495481259510
10.0115, 1.9526, 1495481259522
11.5911, 2.9776, 1495481259544
11.8032, 3.2357, 1495481259570
9.2358, 1.5839, 1495481259590
8.6355, 1.4219, 1495481259611
8.2400, 1.5837, 1495481259622
8.2237, 1.5869, 1495481259645
8.2685, 1.2129, 1495481259671
8.4396, 0.7125, 1495481259686
9.0886, 1.6709, 1495481259708
10.1684, 1.4295, 1495481259723
9.2351, 0.6433, 1495481259744
8.5653, 0.6195, 1495481259772
8.8420, 0.3610, 1495481259790
9.5330, 0.7593, 1495481259808
10.0635, 1.1003, 1495481259823
10.4140, 1.2478, 1495481259844
10.3550, 1.0148, 1495481259870
10.7267, 0.8598, 1495481259888
11.5432, 1.4859, 1495481259906
11.1606, 0.8903, 1495481259933
10.4574, 0.7029, 1495481259951
11.0159, 0.6062, 1495481259968
11.8280, 2.0710, 1495481259986
10.7969, 0.8285, 1495481260003
10.3806, 0.3406, 1495481260024
10.5761, 0.2372, 1495481260049
12.7091, 1.7623, 1495481260067
14.4232, 2.8194, 1495481260083
13.1861, 2.4470, 1495481260104
13.2093, 4.2471, 1495481260124
11.8414, 1.3138, 1495481260147
9.9562, 2.1435, 1495481260166
8.2397, 2.6599, 1495481260185
7.3373, 2.8907, 1495481260204
7.8048, 1.9540, 1495481260232
7.8221, 1.7069, 1495481260250
7.2890, 1.9388, 1495481260268
7.5334, 1.4098, 1495481260286
7.3526, 1.4096, 1495481260314
7.8309, 1.7787, 1495481260333
7.7101, 2.4403, 1495481260351
7.7688, 1.7443, 1495481260369
9.9482, 2.9369, 1495481260382
11.2889, 3.1975, 1495481260404
11.6287, 2.5460, 1495481260435
9.9158, 0.5107, 1495481260443
9.2089, 2.1741, 1495481260463
9.0943, 3.3771, 1495481260484
8.1198, 2.4851, 1495481260511
8.5041, 1.8545, 1495481260530
12.0262, 2.7183, 1495481260548
17.2036, 6.4327, 1495481260567
13.9702, 3.1054, 1495481260583
7.2498, 3.5891, 1495481260603
6.9813, 2.9544, 1495481260651
9.8225, 0.9922, 1495481260653
11.0788, 1.1762, 1495481260662
10.9714, 0.8946, 1495481260684
9.6723, 0.6556, 1495481260710
9.9482, 0.4917, 1495481260729
9.6030, 0.6609, 1495481260745
9.6470, 0.3927, 1495481260764
9.5327, 0.4628, 1495481260783
9.6174, 0.2097, 1495481260810
9.7383, 1.2703, 1495481260828
10.0729, 0.7381, 1495481260846
10.1217, 0.4420, 1495481260864
10.4947, 1.5320, 1495481260888
10.7898, 0.8048, 1495481260912
10.7851, 1.4090, 1495481260932
9.5799, 0.7327, 1495481260942
9.6911, 1.3383, 1495481260964
14.5033, 7.5777, 1495481260992
11.5893, 3.8352, 1495481261012
9.4543, 2.7982, 1495481261023
8.3267, 1.7479, 1495481261043
9.3104, 1.1611, 1495481261064
9.9906, 0.8251, 1495481261090
8.1277, 2.1532, 1495481261107
9.0825, 1.5079, 1495481261124
10.1115, 2.7291, 1495481261144
9.7776, 0.9665, 1495481261172
11.1887, 2.5863, 1495481261194
7.9117, 1.7960, 1495481261203
8.3503, 0.8027, 1495481261225
10.5831, 1.7360, 1495481261245
12.3096, 2.6084, 1495481261277
11.5744, 2.1201, 1495481261284
11.7706, 1.6881, 1495481261303
7.0912, 3.1407, 1495481261323
5.2886, 4.1806, 1495481261344
11.8016, 4.0544, 1495481261370
14.0024, 4.1268, 1495481261388
12.8372, 3.5307, 1495481261405
10.9474, 1.6346, 1495481261423
10.7494, 0.3774, 1495481261444
9.7586, 1.3997, 1495481261469
10.3055, 0.5209, 1495481261488
10.1068, 0.5768, 1495481261508
10.4257, 0.4010, 1495481261523
9.6015, 0.8356, 1495481261544
9.3790, 0.9476, 1495481261574
9.3089, 0.8827, 1495481261583
8.9875, 1.2367, 1495481261603
11.3719, 5.0220, 1495481261624
9.9883, 3.8476, 1495481261649
9.9721, 2.1856, 1495481261668
11.5839, 3.3313, 1495481261685
10.4769, 2.1633, 1495481261703
9.0401, 1.7079, 1495481261724
9.1378, 0.6670, 1495481261754
9.3570, 0.7369, 1495481261774
9.5910, 0.4230, 1495481261782
9.8619, 0.8000, 1495481261804
9.8235, 1.0366, 1495481261824
11.1141, 3.5005, 1495481261849
9.8350, 1.4766, 1495481261866
9.9449, 1.5540, 1495481261884
10.8049, 0.9062, 1495481261904
9.9927, 0.3500, 1495481261951
9.9400, 0.4921, 1495481261954
9.9018, 0.7660, 1495481261970
10.4113, 0.8441, 1495481261982
10.8756, 1.4493, 1495481262004
11.2397, 1.0615, 1495481262030
10.5169, 0.7079, 1495481262048
10.1228, 0.5583, 1495481262066
10.1704, 0.2807, 1495481262083
9.4390, 0.8982, 1495481262104
10.5469, 4.5684, 1495481262131
22.8733, 13.8725, 1495481262149
11.5080, 5.1748, 1495481262165
10.6714, 4.1021, 1495481262184
11.4504, 3.8061, 1495481262210
9.3796, 3.6054, 1495481262229
12.1051, 4.5666, 1495481262248
10.8631, 0.6377, 1495481262265
8.7999, 2.0014, 1495481262284
8.4210, 1.8338, 1495481262312
9.3126, 1.1116, 1495481262329
9.5206, 1.2806, 1495481262346
9.5130, 0.6544, 1495481262363
9.8553, 1.2548, 1495481262384
10.5585, 0.8229, 1495481262411
9.9302, 0.9951, 1495481262432
9.8038, 1.2604, 1495481262442
7.8478, 3.8092, 1495481262464
6.9279, 3.7538, 1495481262484
9.0015, 0.9091, 1495481262509
10.4669, 1.9975, 1495481262527
9.1305, 2.2704, 1495481262545
8.8804, 3.3962, 1495481262565
13.3244, 3.8565, 1495481262593
15.0313, 4.3217, 1495481262611
11.1271, 1.0210, 1495481262627
9.8587, 0.8431, 1495481262644
9.4470, 1.8935, 1495481262663
9.5323, 1.2164, 1495481262691
10.1822, 0.6348, 1495481262708
9.7471, 0.7781, 1495481262726
10.1321, 0.5456, 1495481262743
9.7249, 1.5368, 1495481262764
9.5805, 0.9418, 1495481262790
9.9726, 2.7573, 1495481262808
9.7484, 2.5255, 1495481262825
10.3431, 0.6974, 1495481262844
11.0684, 1.0286, 1495481262872
11.3185, 1.2596, 1495481262894
11.1835, 0.8507, 1495481262902
11.8787, 1.1246, 1495481262924
13.1132, 1.9035, 1495481262944
13.8267, 2.1402, 1495481262971
12.7898, 1.9083, 1495481262992
9.8694, 2.1505, 1495481263010
11.3272, 1.7283, 1495481263026
11.5463, 1.6909, 1495481263044
12.4893, 3.4005, 1495481263070
11.2558, 2.5303, 1495481263087
18.0252, 10.5032, 1495481263104
17.5183, 16.6031, 1495481263124
13.2511, 7.0292, 1495481263144
17.0578, 12.0357, 1495481263170
11.0283, 1.1311, 1495481263217
8.4075, 1.8336, 1495481263219
10.4789, 4.9262, 1495481263240
9.7626, 4.4663, 1495481263244
10.6811, 1.0647, 1495481263268
9.8471, 1.7184, 1495481263286
10.4714, 3.1748, 1495481263304
9.4707, 1.6925, 1495481263324
8.8736, 2.3282, 1495481263351
9.3980, 1.3124, 1495481263369
10.0077, 0.5963, 1495481263385
9.6429, 0.6342, 1495481263403
9.9277, 1.2867, 1495481263424
10.5191, 0.9427, 1495481263449
10.9810, 1.8727, 1495481263468
10.3778, 1.5527, 1495481263486
9.1150, 2.8974, 1495481263504
10.5195, 2.9161, 1495481263533
11.0503, 4.5606, 1495481263551
9.4044, 2.2636, 1495481263567
10.3585, 1.0741, 1495481263586
10.9204, 2.8122, 1495481263604
10.8568, 1.3902, 1495481263631
10.5424, 0.5555, 1495481263649
9.9646, 0.9968, 1495481263667
9.3820, 0.9062, 1495481263686
9.9342, 0.9919, 1495481263710
11.7152, 4.0038, 1495481263733
11.1036, 2.4451, 1495481263752
9.7333, 0.5909, 1495481263762
9.1782, 1.1094, 1495481263783
9.4860, 1.0998, 1495481263804
10.1387, 2.2573, 1495481263830
10.0874, 2.0644, 1495481263847
9.1335, 1.4759, 1495481263864
9.0206, 0.8683, 1495481263884
9.7696, 1.3585, 1495481263913
10.3031, 1.9045, 1495481263929
10.2094, 1.6549, 1495481263946
9.4131, 1.2536, 1495481263963
9.1672, 1.2715, 1495481263984
9.5199, 1.2569, 1495481264020
9.5636, 1.2209, 1495481264023
9.0306, 0.9747, 1495481264046
8.8524, 0.8217, 1495481264063
8.6337, 0.8878, 1495481264084
8.3705, 0.8199, 1495481264111
8.7328, 0.5481, 1495481264129
8.7575, 0.9768, 1495481264144
9.2703, 1.5491, 1495481264164
8.1809, 0.6720, 1495481264184
8.1395, 1.0078, 1495481264211
9.0132, 1.1801, 1495481264231
9.1052, 1.5264, 1495481264242
8.4459, 1.0292, 1495481264264
9.3369, 2.0716, 1495481264291
9.1742, 1.1319, 1495481264309
8.7082, 0.8808, 1495481264326
8.2133, 0.6689, 1495481264343
8.4941, 0.8060, 1495481264364
9.0637, 1.6816, 1495481264393
8.8205, 1.3884, 1495481264413
8.4842, 1.0844, 1495481264422
8.6238, 1.4824, 1495481264443
8.8342, 1.9157, 1495481264464
8.1014, 1.9820, 1495481264507
8.2949, 2.0474, 1495481264514
8.3344, 1.8098, 1495481264528
9.0037, 1.9159, 1495481264542
10.1366, 2.0799, 1495481264563
10.2450, 1.7580, 1495481264588
10.7660, 1.8312, 1495481264608
10.6649, 1.9010, 1495481264626
7.4310, 1.9573, 1495481264644
10.7375, 1.5034, 1495481264673
9.8713, 0.5373, 1495481264691
8.9715, 0.4676, 1495481264709
8.7617, 0.7642, 1495481264722
10.8216, 1.4352, 1495481264744
11.2356, 1.5339, 1495481264771
10.0282, 0.5511, 1495481264791
9.5731, 0.4422, 1495481264802
9.3130, 0.5679, 1495481264824
9.0546, 0.6187, 1495481264844
9.1824, 0.7614, 1495481264870
9.1858, 0.3912, 1495481264888
8.8465, 0.4867, 1495481264904
8.9647, 0.5159, 1495481264924
9.3126, 0.3603, 1495481264952
9.1945, 0.1640, 1495481264969
8.5445, 0.5882, 1495481264998
8.5136, 0.6715, 1495481265002
8.8610, 0.2950, 1495481265024
8.9140, 0.6870, 1495481265050
8.7508, 0.7635, 1495481265068
10.4178, 1.5373, 1495481265085
10.3530, 1.1417, 1495481265103
10.0571, 0.8080, 1495481265124
9.8465, 0.6403, 1495481265149
9.1309, 0.4414, 1495481265168
8.7244, 0.6431, 1495481265185
11.2714, 1.7006, 1495481265204
10.6310, 1.1532, 1495481265224
9.7739, 0.4430, 1495481265249
9.5173, 0.4351, 1495481265269
8.8798, 0.7370, 1495481265297
9.4263, 0.5925, 1495481265304
9.6910, 0.2887, 1495481265325
9.7907, 0.4320, 1495481265352
9.7043, 0.2537, 1495481265369
8.9134, 0.6089, 1495481265382
8.8107, 0.5730, 1495481265405
9.1678, 0.2391, 1495481265435
9.6202, 0.3478, 1495481265442
9.8650, 0.4306, 1495481265464
9.8055, 0.3964, 1495481265483
9.7909, 0.2866, 1495481265503
9.2281, 0.3364, 1495481265531
9.1751, 0.3563, 1495481265551
9.7350, 0.3026, 1495481265569
10.1787, 0.5437, 1495481265582
9.8162, 0.1629, 1495481265604
9.0062, 0.6121, 1495481265629
9.1674, 0.3824, 1495481265647
9.2930, 0.2311, 1495481265664
9.2330, 0.3199, 1495481265684
9.6075, 0.1936, 1495481265710
9.8995, 0.4530, 1495481265729
9.6916, 0.2398, 1495481265746
9.1462, 0.3658, 1495481265791
9.0925, 0.3667, 1495481265793
9.6634, 0.2130, 1495481265811
9.8471, 0.3540, 1495481265828
9.7095, 0.1518, 1495481265844
9.4121, 0.1911, 1495481265864
9.3062, 0.2261, 1495481265884
9.5074, 0.0410, 1495481265911
9.3418, 0.2405, 1495481265928
9.3756, 0.1413, 1495481265945
9.3673, 0.1384, 1495481265964
9.4311, 0.0817, 1495481265992
9.2589, 0.1879, 1495481266011
9.3076, 0.1483, 1495481266029
9.4916, 0.0987, 1495481266047
9.4800, 0.0693, 1495481266074
9.2412, 0.1538, 1495481266092
9.1602, 0.2222, 1495481266109
9.5078, 0.1455, 1495481266126
10.3565, 0.8012, 1495481266144
8.9759, 0.5243, 1495481266165
9.1724, 0.2981, 1495481266193
9.2290, 0.2012, 1495481266211
9.8273, 0.3769, 1495481266228
10.0645, 0.5273, 1495481266242
9.7224, 0.2057, 1495481266298
9.3467, 0.2084, 1495481266300
9.3878, 0.3006, 1495481266349
9.3517, 0.2207, 1495481266412
9.4738, 0.0839, 1495481266414
9.3872, 0.0782, 1495481266422
9.6250, 0.1352, 1495481266425
9.6629, 0.1438, 1495481266428
9.4301, 0.1401, 1495481266434
9.3341, 0.1955, 1495481266469
9.3514, 0.1326, 1495481266471
9.4604, 0.0668, 1495481266505
9.7192, 0.2145, 1495481266511
9.4315, 0.1145, 1495481266561
9.3690, 0.1140, 1495481266563
9.4433, 0.0370, 1495481266567
9.4642, 0.0067, 1495481266608
9.4067, 0.1070, 1495481266614
9.3521, 0.1421, 1495481266623
9.2664, 0.1573, 1495481266647
9.2456, 0.1498, 1495481266679
9.3346, 0.0474, 1495481266686
9.2871, 0.0618, 1495481266734
9.3254, 0.0298, 1495481266736
9.2874, 0.1237, 1495481266749
9.4062, 0.1133, 1495481266764
9.5767, 0.2118, 1495481266783
9.3402, 0.0549, 1495481266823
9.3015, 0.0896, 1495481266829
9.3425, 0.0807, 1495481266843
9.5290, 0.1435, 1495481266862
9.5229, 0.1217, 1495481266883
9.4333, 0.0502, 1495481266903
9.2858, 0.1295, 1495481266923
9.2615, 0.1314, 1495481266943
9.3307, 0.0709, 1495481266963
9.3061, 0.0544, 1495481266982
9.5098, 0.1514, 1495481267002
9.5911, 0.4110, 1495481267023
8.7832, 0.5157, 1495481267042
9.3486, 0.3477, 1495481267064
9.6807, 0.4652, 1495481267084
9.6649, 0.4572, 1495481267104
9.6707, 0.3955, 1495481267124
9.8682, 0.4987, 1495481267144
9.9560, 0.4298, 1495481267164
9.6274, 0.0266, 1495481267184
9.3061, 0.2810, 1495481267204
9.3036, 0.2162, 1495481267224
9.3192, 0.1756, 1495481267244
9.4689, 0.0719, 1495481267264
9.5732, 0.1448, 1495481267284
9.5907, 0.1998, 1495481267304
9.3803, 0.2015, 1495481267324
9.4049, 0.1023, 1495481267344
9.5155, 0.2441, 1495481267364
9.4973, 0.1280, 1495481267384
9.3375, 0.1439, 1495481267404
9.3264, 0.1524, 1495481267424
9.2846, 0.2133, 1495481267444
11.5845, 1.7613, 1495481267464
10.0327, 0.6310, 1495481267485
9.0839, 0.7561, 1495481267503
8.9776, 0.7845, 1495481267522
8.4173, 1.2167, 1495481267542
9.0365, 0.8007, 1495481267562
9.4871, 0.4586, 1495481267582
9.6359, 0.2810, 1495481267602
9.7304, 0.3002, 1495481267622
9.6136, 0.1802, 1495481267642
8.8940, 0.5425, 1495481267662
8.8668, 0.6644, 1495481267682
9.3731, 0.4231, 1495481267702
9.5860, 0.2648, 1495481267722
9.6860, 0.3172, 1495481267742
9.7317, 0.2679, 1495481267762
9.2795, 0.2118, 1495481267782
9.3885, 0.0799, 1495481267802
9.6571, 0.1987, 1495481267822
9.8102, 0.2792, 1495481267842
9.3599, 0.1577, 1495481267862
9.1309, 0.3447, 1495481267882
9.4139, 0.0644, 1495481267902
9.4856, 0.0575, 1495481267922
9.4740, 0.0392, 1495481267942
9.5101, 0.2242, 1495481267962
9.6026, 0.1194, 1495481267982
9.5102, 0.0632, 1495481268006
9.3842, 0.0937, 1495481268023
9.3991, 0.0732, 1495481268043
9.4859, 0.0928, 1495481268063
9.6834, 0.1987, 1495481268093
9.5425, 0.0783, 1495481268102
9.1344, 0.3251, 1495481268125
9.2401, 0.1727, 1495481268144
9.6303, 0.1972, 1495481268163
9.6760, 0.2225, 1495481268183
9.2321, 0.2458, 1495481268203
9.1448, 0.2516, 1495481268223
9.4615, 0.1049, 1495481268246
9.7621, 0.3120, 1495481268263
9.6268, 0.1860, 1495481268283
9.4914, 0.0572, 1495481268303
9.3283, 0.1544, 1495481268323
9.4130, 0.1036, 1495481268369
9.4030, 0.1024, 1495481268372
9.2126, 0.2121, 1495481268414
9.3770, 0.0997, 1495481268417
9.5140, 0.1372, 1495481268425
9.6373, 0.2080, 1495481268443
9.4403, 0.0396, 1495481268463
9.1957, 0.2461, 1495481268482
9.2380, 0.1367, 1495481268502
9.6079, 0.2121, 1495481268522
9.3897, 0.0806, 1495481268542
9.5055, 0.1187, 1495481268562
9.4843, 0.1150, 1495481268582
9.3613, 0.1548, 1495481268602
9.5315, 0.1231, 1495481268622
9.6345, 0.2533, 1495481268642
9.4175, 0.1089, 1495481268662
9.2387, 0.2830, 1495481268682
9.5175, 0.0903, 1495481268702
9.7150, 0.2648, 1495481268722
9.4537, 0.0629, 1495481268742
9.2712, 0.2263, 1495481268762
9.4803, 0.0980, 1495481268782
10.0136, 0.4883, 1495481268802
9.9918, 0.4094, 1495481268822
9.4394, 0.3659, 1495481268842
8.9445, 0.6086, 1495481268862
9.0988, 0.3531, 1495481268882
9.5990, 0.2467, 1495481268903
10.0881, 0.6314, 1495481268922
9.2109, 0.3856, 1495481268942
9.9091, 0.4735, 1495481268962
10.9111, 1.3107, 1495481268985
10.0838, 0.8445, 1495481269002
8.7274, 1.2072, 1495481269022
7.1267, 3.5198, 1495481269042
7.4725, 2.4857, 1495481269062
8.7216, 0.9612, 1495481269108
9.8893, 1.2055, 1495481269111
10.1750, 1.3271, 1495481269127
10.5877, 1.3973, 1495481269143
11.3916, 1.8010, 1495481269163
10.0811, 0.5427, 1495481269187
9.1579, 0.6263, 1495481269204
9.3515, 0.3262, 1495481269223
